Plate no.,Well,BARCODE_ID,BARCODE,ID
1A,A1,index_8nt_2,aacgccaa,KL_SW_1
1A,A2,index_10nt_2,ccagaaccaa,KL_SW_2
1A,A3,index_8nt_3,cggtccaa,KL_SW_3
1A,A4,index_9nt_3,aggtaccaa,KL_SW_4
1A,A5,index_10nt_3,aggtaaccaa,KL_SW_5
1A,A6,index_8nt_4,ctcagcaa,KL_SW_6
1A,A7,index_9nt_4,tgaagccaa,KL_SW_7
1A,A8,index_8nt_5,agacgcaa,KL_SW_8
1A,A9,index_9nt_5,aaccgccaa,KL_SW_9
1A,A10,index_10nt_5,tcgcgaccaa,KL_SW_10
1A,A11,index_8nt_6,tctggcaa,KL_SW_11
1A,A12,index_9nt_6,gttggccaa,KL_SW_12
1A,B1,index_10nt_6,atcggaccaa,KL_SW_13
1A,B2,index_8nt_7,tagatcaa,KL_SW_14
1A,B3,index_9nt_7,ctgatccaa,KL_SW_15
1A,B4,index_10nt_7,cattgaccaa,KL_SW_16
1A,B5,index_8nt_8,gttctcaa,KL_SW_17
1A,B6,index_9nt_8,tctctccaa,KL_SW_18
1A,B7,index_10nt_8,ctgataccaa,KL_SW_19
1A,B8,index_9nt_9,aataagcaa,KL_SW_20
1A,B9,index_10nt_9,accaagccaa,KL_AS_21
1A,B10,index_8nt_10,cagcagaa,KL_AS_22
1A,B11,index_9nt_10,cgccagcaa,KL_AS_23
1A,B12,index_10nt_10,cgtcagccaa,KL_AS_24
1A,C1,index_8nt_11,tgagagaa,KL_AS_25
1A,C2,index_9nt_11,tcggagcaa,KL_AS_26
1A,C3,index_10nt_11,taggagccaa,KL_AS_27
1A,C4,index_8nt_12,gtctcgaa,KL_AS_28
1A,C5,index_9nt_12,gtatagcaa,KL_AS_29
1A,C6,index_10nt_12,gtatagccaa,KL_AS_30
1A,C7,index_8nt_13,ggtaggaa,KL_AS_31
1A,C8,index_9nt_13,ccaacgcaa,KL_AS_32
1A,C9,index_10nt_13,gatacgccaa,KL_AS_33
1A,C10,index_8nt_14,ccatggaa,KL_AS_34
1A,C11,index_9nt_14,gagccgcaa,KL_AS_35
1A,C12,index_10nt_16,tcttatccaa,KL_AS_36
1A,D1,index_8nt_15,ggccataa,KL_AS_37
1A,D2,index_9nt_15,atcgcgcaa,KL_AS_38
1A,D3,index_10nt_17,ttaactccaa,KL_AS_39
1A,D4,index_8nt_16,atggataa,KL_AS_40
1A,D5,index_9nt_16,tacttgcaa,KL_KP_41
1A,D6,index_10nt_18,gccgctccaa,KL_KP_42
1A,D7,index_8nt_17,catactaa,KL_KP_43
1A,D8,index_9nt_17,ccttatcaa,KL_KP_44
1A,D9,index_10nt_23,tgcgaagcaa,KL_KP_45
1A,D10,index_8nt_18,ttacctaa,KL_KP_46
1A,D11,index_9nt_18,ggtactcaa,KL_KP_47
1A,D12,index_10nt_24,taaccagcaa,KL_KP_48
1A,E1,index_8nt_19,gaaggtaa,KL_KP_49
1A,E2,index_9nt_19,ttacctcaa,KL_KP_50
1A,E3,index_10nt_25,cttgcagcaa,KL_KP_51
1A,E4,index_9nt_20,acgagtcaa,KL_KP_52
1A,E5,index_10nt_31,agaaccgcaa,KL_KP_53
1A,E6,index_8nt_21,gtcgacca,KL_KP_54
1A,E7,index_9nt_21,gcagttcaa,KL_KP_55
1A,E8,index_10nt_37,agcctggcaa,KL_KP_56
1A,E9,index_8nt_22,aattacca,KL_KP_57
1A,E10,index_10nt_38,ggtaatgcaa,KL_KP_58
1A,E11,index_8nt_23,ataatcca,KL_KP_59
1A,E12,index_9nt_23,tgagaagaa,
1A,F1,index_10nt_41,ggtccatcaa,KL_EM_60
1A,F2,index_8nt_24,cgcctcca,KL_EM_61
1A,F3,index_9nt_24,aggccagaa,KL_EM_62
1A,F4,index_10nt_43,tccatatcaa,KL_EM_63
1A,F5,index_8nt_25,cgaacgca,KL_EM_64
1A,F6,index_9nt_25,catgcagaa,KL_EM_65
1A,F7,index_10nt_47,ttacgctcaa,KL_EM_66
1A,F8,index_8nt_26,acgccgca,KL_EM_67
1A,F9,index_9nt_26,gcatcagaa,KL_EM_68
1A,F10,index_8nt_27,gatgcgca,KL_EM_69
1A,F11,index_9nt_27,ataagagaa,KL_EM_70
1A,F12,index_10nt_56,gacgcaagaa,
1A,G1,index_8nt_28,gtacggca,KL_EM_71
1A,G2,index_9nt_28,cgctgagaa,KL_EM_72
1A,G3,index_10nt_57,ccgtcaagaa,KL_EM_73
1A,G4,index_8nt_29,cttcatca,KL_EM_74
1A,G5,index_9nt_29,tccatagaa,KL_EM_75
1A,G6,index_10nt_58,tcaagaagaa,KL_EM_76
1A,G7,index_8nt_30,gcatatca,KL_EM_77
1A,G8,index_9nt_30,tagaacgaa,KL_EM_78
1A,G9,index_10nt_59,ctccgaagaa,KL_SL_79
1A,G10,index_8nt_31,tccgctca,KL_SL_80
1A,G11,index_9nt_31,actgacgaa,KL_SL_81
1A,G12,index_10nt_60,ggttgaagaa,
1A,H1,index_8nt_32,agcagtca,KL_SL_82
1A,H2,index_9nt_32,ggcgccgaa,KL_SL_83
1A,H3,index_10nt_62,ttggtaagaa,KL_SL_84
1A,H4,index_8nt_33,gagcttca,KL_SL_85
1A,H5,index_9nt_33,ccgcgcgaa,KL_SL_86
1A,H6,index_10nt_63,tggaccagaa,KL_SL_87
1A,H7,index_8nt_34,gcgcaaga,KL_SL_88
1A,H8,index_9nt_34,ttattcgaa,KL_SL_89
1A,H9,index_10nt_104,tcctcttgaa,KL_SL_90
1A,H10,index_9nt_35,ggaatggaa,KL_SL_91
1A,H11,index_10nt_114,tctcgcataa,KL_SL_92
1A,H12,index_8nt_36,agctaaga,
2A,A1,index_9nt_36,attctggaa,KL_SL_93
2A,A2,index_10nt_130,aagttgctaa,KL_SL_94
2A,A3,index_8nt_37,aatccaga,KL_SL_95
2A,A4,index_9nt_37,agcaatgaa,KL_SL_96
2A,A5,index_10nt_138,atagtcgtaa,KL_LS_97
2A,A6,index_8nt_38,cctagaga,KL_LS_98
2A,A7,index_9nt_38,ctggatgaa,KL_LS_99
2A,A8,index_10nt_143,tgcaacttaa,KL_LS_100
2A,A9,index_8nt_39,ggaataga,KL_LS_101
2A,A10,index_9nt_39,caacttgaa,KL_LS_102
2A,A11,index_10nt_148,aagccaacca,KL_LS_103
2A,A12,index_8nt_40,ttcgtaga,KL_LS_104
2A,B1,index_9nt_40,cttcaataa,KL_LS_105
2A,B2,index_8nt_41,cttgccga,KL_LS_106
2A,B3,index_9nt_41,aaggaataa,KL_LS_107
2A,B4,index_10nt_150,cgctcaacca,KL_LS_108
2A,B5,index_8nt_42,gaccgcga,KL_LS_109
2A,B6,index_9nt_42,ttctcataa,KL_LS_110
2A,B7,index_10nt_151,ataagaacca,KL_LS_111
2A,B8,index_8nt_43,acgttcga,KL_LS_112
2A,B9,index_9nt_43,gatagataa,KL_LS_113
2A,B10,index_10nt_152,cctcgaacca,KL_LS_114
2A,B11,index_8nt_44,tataagga,KL_LS_115
2A,B12,index_9nt_44,ccaggataa,KL_LS_116
2A,C1,index_10nt_153,gtcctaacca,KL_EE_117
2A,C2,index_8nt_45,ctgatgga,KL_EE_118
2A,C3,index_9nt_45,gcgctataa,KL_EE_119
2A,C4,index_10nt_155,ctgcagacca,KL_EE_120
2A,C5,index_8nt_46,tggactga,KL_EE_121
2A,C6,index_9nt_46,agattataa,KL_EE_122
2A,C7,index_10nt_162,cttattacca,KL_EE_123
2A,C8,index_8nt_47,actgaata,KL_EE_124
2A,C9,index_9nt_47,gtaacctaa,KL_EE_125
2A,C10,index_10nt_164,accgttacca,KL_EE_126
2A,C11,index_8nt_48,tagtaata,KL_EE_127
2A,C12,index_9nt_48,cagtcctaa,KL_EE_128
2A,D1,index_10nt_165,cagagagcca,KL_EE_129
2A,D2,index_8nt_49,gtagcata,KL_EE_130
2A,D3,index_9nt_49,acctagtaa,KL_EE_131
2A,D4,index_10nt_167,cattacgcca,KL_EE_132
2A,D5,index_8nt_50,atccgata,KL_EE_133
2A,D6,index_9nt_50,tggacgtaa,KL_EE_134
2A,D7,index_10nt_173,ctatcggcca,KL_EE_135
2A,D8,index_8nt_51,gccttata,KL_EE_136
2A,D9,index_9nt_51,gctgcgtaa,KL_WB_137
2A,D10,index_10nt_176,tgagctgcca,KL_WB_138
2A,D11,index_8nt_52,tgctgcta,KL_WB_139
2A,D12,index_9nt_52,ctcaggtaa,KL_WB_140
2A,E1,index_10nt_185,acctcgtcca,KL_WB_141
2A,E2,index_8nt_53,ccagtcta,KL_WB_142
2A,E3,index_9nt_53,taacggtaa,KL_WB_143
2A,E4,index_10nt_188,cgaggaagca,KL_WB_144
2A,E5,index_8nt_54,atatagta,KL_WB_145
2A,E6,index_9nt_54,aatccttaa,KL_WB_146
2A,E7,index_8nt_55,aagaggta,KL_WB_147
2A,E8,index_10nt_191,aggcgcagca,KL_WB_148
2A,E9,index_8nt_56,ttcaatta,KL_WB_149
2A,E10,index_10nt_192,catctcagca,KL_WB_150
2A,E11,index_8nt_57,ccgcgtta,KL_WB_151
2A,E12,index_9nt_57,ggttaacca,
2A,F1,index_10nt_195,aattggagca,KL_WB_152
2A,F2,index_8nt_58,cctccaac,KL_WB_153
2A,F3,index_9nt_58,gtcagacca,KL_WB_154
2A,F4,index_10nt_200,caggaacgca,KL_WB_155
2A,F5,index_8nt_59,ttgcgaac,KL_CP_156
2A,F6,index_9nt_59,agacgacca,KL_CP_157
2A,F7,index_10nt_211,aactctcgca,KL_CP_158
2A,F8,index_9nt_60,cctatacca,KL_CP_159
2A,F9,index_10nt_213,aatgcaggca,KL_CP_160
2A,F10,index_8nt_61,acctgaac,KL_CP_161
2A,F11,index_9nt_61,cttgagcca,KL_CP_162
2A,F12,index_10nt_215,ttggacggca,
2A,G1,index_8nt_62,aatataac,KL_CP_163
2A,G2,index_9nt_62,actccgcca,KL_CP_164
2A,G3,index_10nt_218,ttaattggca,KL_CP_165
2A,G4,index_8nt_63,gcggtaac,KL_CP_166
2A,G5,index_9nt_63,ggagcgcca,KL_CP_167
2A,G6,index_10nt_221,cataattgca,KL_CP_168
2A,G7,index_8nt_64,cttaagac,KL_CP_169
2A,G8,index_9nt_64,cggaggcca,KL_CP_170
2A,G9,index_10nt_222,agaacttgca,KL_CP_171
2A,G10,index_8nt_65,gacgagac,KL_CP_172
2A,G11,index_9nt_65,ataatgcca,KL_CP_173
2A,G12,index_10nt_225,caattaatca,
2A,H1,index_8nt_66,aggacgac,KL_KP_174
2A,H2,index_9nt_66,gcgttgcca,KL_EM_175
2A,H3,index_10nt_227,ttatgcatca,KL_SL_176
2A,H4,index_8nt_67,tattggac,KL_SL_177
2A,H5,index_9nt_67,tagactcca,KL_WB_178
2A,H6,index_10nt_231,tattctatca,KL_CP_179
2A,H7,index_8nt_68,cgcttgac,KL_CP_180
2A,H8,index_9nt_68,gatcgtcca,KL_WC_181
2A,H9,index_10nt_239,gcttgcctca,KL_WC_182
2A,H10,index_8nt_69,taggctac,KL_WC_183
2A,H11,index_9nt_69,ctccttcca,KL_WC_184
2A,H12,index_10nt_243,agcatgctca,
3A,A1,index_8nt_70,gtcattac,
3A,A2,index_10nt_244,actaatctca,
3A,A3,index_8nt_71,caacttac,
3A,A4,index_9nt_71,aactcagca,
3A,A5,index_10nt_249,attcgcgtca,
3A,A6,index_8nt_72,gatcaacc,
3A,A7,index_9nt_72,gaaggagca,
3A,A8,index_10nt_251,tccaaggtca,
3A,A9,index_8nt_73,gcaagacc,
3A,A10,index_9nt_73,atggtagca,
3A,A11,index_10nt_253,catatggtca,
3A,A12,index_8nt_74,agccagcc,
3A,B1,index_9nt_74,cgtaacgca,
3A,B2,index_10nt_256,ggcgtattca,
3A,B3,index_8nt_75,ccagagcc,
3A,B4,index_9nt_75,gtctacgca,
3A,B5,index_10nt_260,cgaaccaaga,
3A,B6,index_8nt_76,ttatcgcc,
3A,B7,index_9nt_76,acgaccgca,
3A,B8,index_8nt_77,tcgatgcc,
3A,B9,index_9nt_77,agcctcgca,
3A,B10,index_10nt_262,acgtccaaga,
3A,B11,index_8nt_78,cagtatcc,
3A,B12,index_9nt_78,ccagtcgca,
3A,C1,index_8nt_79,actactcc,
3A,C2,index_9nt_79,tggcaggca,
3A,C3,index_10nt_264,atactcaaga,
3A,C4,index_8nt_80,ggacctcc,
3A,C5,index_9nt_80,gatacggca,
3A,C6,index_10nt_265,cagaagaaga,
3A,C7,index_8nt_81,ctcggtcc,
3A,C8,index_9nt_81,tccgctgca,
3A,C9,index_10nt_274,aggattaaga,
3A,C10,index_8nt_82,ggcgcagc,
3A,C11,index_9nt_82,cggtctgca,
3A,C12,index_10nt_290,agataagaga,
3A,D1,index_8nt_83,ccattagc,
3A,D2,index_9nt_83,cgcgcatca,
3A,D3,index_10nt_302,tatacggaga,
3A,D4,index_8nt_84,cgcaacgc,
3A,D5,index_9nt_84,ttgcgatca,
3A,D6,index_10nt_306,cgcgaataga,
3A,D7,index_8nt_85,atagacgc,
3A,D8,index_9nt_85,acttgatca,
3A,D9,index_10nt_312,ttcagctaga,
3A,D10,index_8nt_86,gcttacgc,
3A,D11,index_9nt_86,agagactca,
3A,D12,index_10nt_320,tcaacgacga,
3A,E1,index_8nt_87,gagaccgc,
3A,E2,index_9nt_87,gccggctca,
3A,E3,index_10nt_336,ctctgatcga,
3A,E4,index_8nt_88,gttccggc,
3A,E5,index_9nt_88,ctatgctca,
3A,E6,index_10nt_340,attggaagga,
3A,E7,index_8nt_89,aactcggc,
3A,E8,index_9nt_89,gagatctca,
3A,E9,index_10nt_345,caggttagga,
3A,E10,index_8nt_90,ctaactgc,
3A,E11,index_9nt_90,ggcaagtca,
3A,E12,index_8nt_91,atgcttgc,
3A,F1,index_9nt_91,ccgaattca,
3A,F2,index_10nt_355,atatgctgga,
3A,F3,index_8nt_92,cggcaatc,
3A,F4,index_9nt_92,gaatattca,
3A,F5,index_10nt_356,ggaatctgga,
3A,F6,index_8nt_93,ctctcatc,
3A,F7,index_10nt_357,agtcattgga,
3A,F8,index_8nt_94,ggttgatc,
3A,F9,index_10nt_363,tagcatatga,
3A,F10,index_8nt_95,catgactc,
3A,F11,index_9nt_95,ggctcaaga,
3A,F12,index_10nt_370,ttatatctga,
3A,G1,index_8nt_96,acggcctc,
3A,G2,index_10nt_371,ccagttctga,
3A,G3,index_8nt_97,attagctc,
3A,G4,index_9nt_97,aatcgaaga,
3A,G5,index_10nt_373,cggtccttga,
3A,G6,index_8nt_98,tgactctc,
3A,G7,index_9nt_98,ctcataaga,
3A,G8,index_10nt_376,acgccgttga,
3A,G9,index_8nt_99,gcgaattc,
3A,G10,index_9nt_99,gaggtaaga,
3A,G11,index_10nt_379,tgcggcaata,
3A,G12,index_8nt_100,gattcaag,
3A,H1,index_9nt_100,cgaaccaga,
3A,H2,index_10nt_402,gccgacgata,
3A,H3,index_8nt_101,ctaataag,
3A,H4,index_9nt_101,gtccgcaga,
3A,H5,index_10nt_412,tataactata,
3A,H6,index_8nt_102,acgagcag,
3A,H7,index_9nt_102,cctggcaga,
3A,H8,index_10nt_420,ccgcctacta,
3A,H9,index_8nt_103,ggcggcag,
3A,H10,index_9nt_103,aacttcaga,
3A,H11,index_10nt_422,tgagtaccta,
3A,H12,index_8nt_104,tctacgag,
4A,A1,index_9nt_104,acgaagaga,
4A,A2,index_10nt_423,ctaaggccta,
4A,A3,index_9nt_105,ggtcagaga,
4A,A4,index_10nt_426,cctatagcta,
4A,A5,index_8nt_106,aaccggag,
4A,A6,index_9nt_106,caatggaga,
4A,A7,index_10nt_429,caaggatcta,
4A,A8,index_8nt_107,cgatatag,
4A,A9,index_9nt_107,taagataga,
4A,A10,index_10nt_431,cgcctatcta,
4A,A11,index_8nt_108,actcttag,
4A,A12,index_9nt_108,acttctaga,
4A,B1,index_10nt_432,tcctactcta,
4A,B2,index_8nt_109,cggagacg,
4A,B3,index_9nt_109,agacttaga,
4A,B4,index_10nt_433,ttggtctcta,
4A,B5,index_8nt_110,gtctgacg,
4A,B6,index_9nt_110,aggatacga,
4A,B7,index_10nt_435,agaccgtcta,
4A,B8,index_8nt_111,accatacg,
4A,B9,index_9nt_111,taactacga,
4A,B10,index_10nt_440,agcgatagta,
4A,B11,index_8nt_112,gaagtacg,
4A,B12,index_9nt_112,tattaccga,
4A,C1,index_10nt_441,ctacttagta,
4A,C2,index_8nt_113,ggtaaccg,
4A,C3,index_9nt_113,cgcgtccga,
4A,C4,index_10nt_446,taagccggta,
4A,C5,index_8nt_114,ctggtccg,
4A,C6,index_9nt_114,gacgagcga,
4A,C7,index_10nt_447,gtcgctggta,
4A,C8,index_8nt_115,atgaagcg,
4A,C9,index_9nt_115,cgttcgcga,
4A,C10,index_10nt_448,tggtctggta,
4A,C11,index_8nt_116,agttcgcg,
4A,C12,index_9nt_116,tctaggcga,
4A,D1,index_10nt_449,cgcattggta,
4A,D2,index_8nt_117,catatgcg,
4A,D3,index_9nt_117,atgcggcga,
4A,D4,index_10nt_451,tccgcgatta,
4A,D5,index_8nt_118,gttgaagg,
4A,D6,index_9nt_118,atctatcga,
4A,D7,index_10nt_453,tgccgactta,
4A,D8,index_8nt_119,tcctcagg,
4A,D9,index_9nt_119,ctaagtcga,
4A,D10,index_10nt_456,gttgcgctta,
4A,D11,index_8nt_120,cgtctagg,
4A,D12,index_9nt_120,gttgaagga,
4A,E1,index_10nt_457,cctcggctta,
4A,E2,index_8nt_121,agaaccgg,
4A,E3,index_9nt_121,cagagagga,
4A,E4,index_10nt_458,tcattgctta,
4A,E5,index_8nt_122,aatggcgg,
4A,E6,index_9nt_122,cgtctagga,
4A,E7,index_10nt_459,ggacctctta,
4A,E8,index_8nt_123,gtattcgg,
4A,E9,index_9nt_123,tacggcgga,
4A,E10,index_10nt_460,acgtctctta,
4A,E11,index_8nt_124,cagcctgg,
4A,E12,index_9nt_124,agatgcgga,
4A,F1,index_10nt_461,ggagaagtta,
4A,F2,index_8nt_125,atcgctgg,
4A,F3,index_9nt_125,gctatcgga,
4A,F4,index_10nt_462,ctaaccgtta,
4A,F5,index_8nt_126,tgagttgg,
4A,F6,index_10nt_464,ttcttcgtta,
4A,F7,index_8nt_127,taaccatg,
4A,F8,index_9nt_127,agccaatga,
4A,F9,index_10nt_465,actacggtta,
4A,F10,index_8nt_128,acctactg,
4A,F11,index_9nt_128,tcataatga,
4A,F12,index_10nt_466,gaactggtta,
4A,G1,index_9nt_129,ttcaactga,
4A,G2,index_10nt_467,ttcaaccaac,
4A,G3,index_8nt_130,gttacttg,
4A,G4,index_9nt_130,atgacttga,
4A,G5,index_10nt_468,aaggaccaac,
4A,G6,index_8nt_131,agcgtaat,
4A,G7,index_9nt_131,cggcgttga,
4A,G8,index_10nt_469,ggaggccaac,
4A,G9,index_8nt_132,cagttaat,
4A,G10,index_9nt_132,gaaccaata,
4A,G11,index_10nt_472,gtctcgcaac,
4A,G12,index_8nt_133,acttccat,
4A,H1,index_9nt_133,agcagaata,
4A,H2,index_10nt_473,ctacggcaac,
4A,H3,index_8nt_134,gcgcggat,
4A,H4,index_9nt_134,tggctaata,
4A,H5,index_8nt_135,cgtcgtat,
4A,H6,index_9nt_135,ccattaata,
4A,H7,index_10nt_482,agccaagaac,
4A,H8,index_8nt_136,acgtaact,
4A,H9,index_9nt_136,ttgaccata,
4A,H10,index_10nt_484,ttggcagaac,
4A,H11,index_8nt_137,gttatact,
4A,H12,index_9nt_137,aatgccata,
5A,A1,index_8nt_138,ctctagct,
5A,A2,index_9nt_138,ggaggcata,
5A,A3,index_10nt_496,aagccataac,
5A,A4,index_8nt_139,tggcatct,
5A,A5,index_9nt_139,aaccagata,
5A,A6,index_10nt_499,actaactaac,
5A,A7,index_8nt_140,gaatgagt,
5A,A8,index_9nt_140,cttccgata,
5A,A9,index_10nt_501,tagagctaac,
5A,A10,index_8nt_141,gccgtcgt,
5A,A11,index_9nt_141,tcagcgata,
5A,A12,index_10nt_506,gtatcaagac,
5A,B1,index_8nt_142,ccggcggt,
5A,B2,index_9nt_142,aggtcgata,
5A,B3,index_10nt_509,attagcagac,
5A,B4,index_8nt_143,actatggt,
5A,B5,index_9nt_143,gcgcggata,
5A,B6,index_10nt_512,cgtcggagac,
5A,B7,index_8nt_144,agaagatt,
5A,B8,index_9nt_144,gtcttgata,
5A,B9,index_10nt_524,tactatcgac,
5A,B10,index_9nt_145,gataatata,
5A,B11,index_10nt_532,tccgttggac,
5A,B12,index_8nt_146,ggatcctt,
5A,C1,index_9nt_146,tcgtatata,
5A,C2,index_10nt_538,aacctctgac,
5A,C3,index_8nt_147,caacgctt,
5A,C4,index_9nt_147,ctcggtata,
5A,C5,index_10nt_565,ttaatggtac,
5A,C6,index_8nt_148,ggtcagtt,
5A,C7,index_9nt_148,ttatgacta,
5A,C8,index_10nt_566,ttcggattac,
5A,C9,index_8nt_149,attgcgtt,
5A,C10,index_9nt_149,gttctacta,
5A,C11,index_10nt_567,taagacttac,
5A,C12,index_9nt_150,catagccta,
5A,D1,index_10nt_568,agttagttac,
5A,D2,index_9nt_151,gaattccta,
5A,D3,index_10nt_570,atatccaacc,
5A,D4,index_9nt_152,agtcatcta,
5A,D5,index_10nt_600,tcagcgtacc,
5A,D6,index_9nt_153,gcctctcta,
5A,D7,index_9nt_154,tgcattcta,
5A,D8,index_10nt_606,cagataagcc,
5A,D9,index_9nt_155,aaggttcta,
5A,D10,index_10nt_610,ccttctagcc,
5A,D11,index_9nt_156,ccttccgta,
5A,D12,index_10nt_615,tctcgccgcc,
5A,E1,index_9nt_157,atagaggta,
5A,E2,index_10nt_622,ccaggtcgcc,
5A,E3,index_9nt_158,cagtaggta,
5A,E4,index_10nt_623,taacttcgcc,
5A,E5,index_9nt_159,cgctactta,
5A,E6,index_10nt_631,ttctctggcc,
5A,E7,index_9nt_160,attcgctta,
5A,E8,index_10nt_632,gctgactgcc,
5A,E9,index_9nt_161,accatctta,
5A,E10,index_10nt_633,ctctactgcc,
5A,E11,index_9nt_162,aagaggtta,
5A,E12,index_10nt_634,aattcctgcc,
5A,F1,index_9nt_163,ggttggtta,
5A,F2,index_10nt_635,agagtctgcc,
5A,F3,index_9nt_164,gcgaccaac,
5A,F4,index_10nt_637,tgcgattgcc,
5A,F5,index_9nt_165,ttacgcaac,
5A,F6,index_10nt_639,tctgccatcc,
5A,F7,index_9nt_166,gactgcaac,
5A,F8,index_10nt_641,ctgctcatcc,
5A,F9,index_10nt_643,agattgatcc,
5A,F10,index_9nt_168,cgtaagaac,
5A,F11,index_10nt_645,aatattatcc,
5A,F12,index_9nt_169,gtcgagaac,
5A,G1,index_10nt_646,atggaactcc,
5A,G2,index_9nt_170,caaccgaac,
5A,G3,index_10nt_647,taataactcc,
5A,G4,index_9nt_171,atgaggaac,
5A,G5,index_10nt_650,tggcggctcc,
5A,G6,index_9nt_172,gctctgaac,
5A,G7,index_10nt_651,cgcagtctcc,
5A,G8,index_9nt_173,tgattgaac,
5A,G9,index_9nt_174,acggataac,
5A,G10,index_10nt_655,taggcggtcc,
5A,G11,index_9nt_175,tggcctaac,
5A,G12,index_10nt_656,gacttggtcc,
5A,H1,index_9nt_176,cttgctaac,
5A,H2,index_10nt_658,gtattattcc,
5A,H3,index_9nt_177,ccaattaac,
5A,H4,index_10nt_659,tgcttcttcc,
5A,H5,index_9nt_178,ctataagac,
5A,H6,index_10nt_661,gtcgcgttcc,
5A,H7,index_9nt_179,tctccagac,
5A,H8,index_10nt_662,gttcgcaagc,
5A,H9,index_9nt_180,accggagac,
5A,H10,index_10nt_663,ccattcaagc,
5A,H11,index_9nt_181,gttatagac,
5A,H12,index_10nt_666,cgcaataagc,
6A,A1,index_9nt_182,agtcgcgac,
6A,A2,index_10nt_667,gaggctaagc,
6A,A3,index_9nt_183,ctcctcgac,
6A,A4,index_10nt_668,agacgtaagc,
6A,A5,index_9nt_184,acgttcgac,
6A,A6,index_10nt_669,ggtccgcagc,
6A,A7,index_9nt_185,gattaggac,
6A,A8,index_10nt_670,actaggcagc,
6A,A9,index_9nt_186,ttagcggac,
6A,A10,index_10nt_675,tggctagagc,
6A,A11,index_9nt_187,agctcggac,
6A,A12,index_10nt_676,gatgacgagc,
6A,B1,index_9nt_188,tagctggac,
6A,B2,index_10nt_679,aggacggagc,
6A,B3,index_9nt_189,gaggctgac,
6A,B4,index_10nt_685,gcatggtagc,
6A,B5,index_9nt_190,agagttgac,
6A,B6,index_10nt_692,gtctagacgc,
6A,B7,index_9nt_191,tgcagatac,
6A,B8,index_10nt_694,tatctgacgc,
6A,B9,index_9nt_192,gaagtatac,
6A,B10,index_10nt_696,tgcggtacgc,
6A,B11,index_9nt_193,cgagcctac,
6A,B12,index_10nt_702,ttgaagccgc,
6A,C1,index_9nt_194,cctagctac,
6A,C2,index_10nt_710,ccggcagcgc,
6A,C3,index_9nt_195,aggcagtac,
6A,C4,index_10nt_712,agcaacgcgc,
6A,C5,index_9nt_196,ttgaattac,
6A,C6,index_10nt_713,gcaaccgcgc,
6A,C7,index_9nt_197,taatcttac,
6A,C8,index_10nt_717,gaatatgcgc,
6A,C9,index_9nt_198,atccgttac,
6A,C10,index_10nt_724,tacgcgtcgc,
6A,C11,index_9nt_199,aagccaacc,
6A,C12,index_10nt_725,acgtcttcgc,
6A,D1,index_9nt_200,ccttcaacc,
6A,D2,index_10nt_726,catggttcgc,
6A,D3,index_9nt_201,cgaagaacc,
6A,D4,index_10nt_727,ttacgaaggc,
6A,D5,index_9nt_202,attggaacc,
6A,D6,index_10nt_730,gaagtcaggc,
6A,D7,index_9nt_203,tatataacc,
6A,D8,index_10nt_734,atccgccggc,
6A,D9,index_9nt_204,gtattaacc,
6A,D10,index_10nt_735,catatccggc,
6A,D11,index_9nt_205,accgcgacc,
6A,D12,index_10nt_736,tatgagcggc,
6A,E1,index_9nt_206,atcaatacc,
6A,E2,index_10nt_738,gcctctcggc,
6A,E3,index_9nt_207,agatctacc,
6A,E4,index_10nt_739,cgaagatggc,
6A,E5,index_9nt_208,gagagtacc,
6A,E6,index_10nt_740,ggagcttggc,
6A,E7,index_9nt_209,ttggttacc,
6A,E8,index_10nt_743,gcgcggatgc,
6A,E9,index_10nt_744,ttgattatgc,
6A,E10,index_9nt_211,gcgtaagcc,
6A,E11,index_10nt_745,gcgttactgc,
6A,E12,index_9nt_212,catcgagcc,
6A,F1,index_10nt_747,ggtagcctgc,
6A,F2,index_9nt_213,aaggacgcc,
6A,F3,index_10nt_748,ttagcgctgc,
6A,F4,index_9nt_214,ggaaccgcc,
6A,F5,index_10nt_749,catcctctgc,
6A,F6,index_9nt_215,ctgaaggcc,
6A,F7,index_10nt_751,aaccaattgc,
6A,F8,index_9nt_216,gccatggcc,
6A,F9,index_10nt_752,gattcattgc,
6A,F10,index_9nt_217,cgactggcc,
6A,F11,index_10nt_753,atctccttgc,
6A,F12,index_9nt_218,actcatgcc,
6A,G1,index_10nt_754,tcaagcttgc,
6A,G2,index_9nt_219,ggtccatcc,
6A,G3,index_10nt_756,atgaggttgc,
6A,G4,index_9nt_220,acgatatcc,
6A,G5,index_10nt_758,tggtccaatc,
6A,G6,index_9nt_221,gttaactcc,
6A,G7,index_10nt_765,gagaatcatc,
6A,G8,index_9nt_222,atctcctcc,
6A,G9,index_10nt_768,ctcctagatc,
6A,G10,index_9nt_223,gaacgctcc,
6A,G11,index_10nt_769,tcttacgatc,
6A,G12,index_10nt_770,aatatggatc,
6A,H1,index_9nt_225,cggttctcc,
6A,H2,index_10nt_773,tattgatatc,
6A,H3,index_9nt_226,caagagtcc,
6A,H4,index_10nt_774,ggcatatatc,
6A,H5,index_9nt_227,ccgccgtcc,
6A,H6,index_10nt_776,acttcgtatc,
6A,H7,index_9nt_228,tcaaggtcc,
6A,H8,index_10nt_783,gaccatactc,
6A,H9,index_9nt_229,cgccattcc,
6A,H10,index_10nt_784,ttatatactc,
6A,H11,index_9nt_230,ctaacttcc,
6A,H12,index_9nt_231,agtagttcc,
7A,A1,index_10nt_788,tccggacctc,
7A,A2,index_9nt_232,tcctgaagc,
7A,A3,index_10nt_791,aggctgcctc,
7A,A4,index_9nt_233,ggtagcagc,
7A,A5,index_10nt_793,ccaattcctc,
7A,A6,index_9nt_234,cagcgcagc,
7A,A7,index_10nt_800,cataatgctc,
7A,A8,index_9nt_235,attctcagc,
7A,A9,index_10nt_801,gtacttgctc,
7A,A10,index_9nt_236,gcagtcagc,
7A,A11,index_10nt_802,ttaccatctc,
7A,A12,index_9nt_237,agagagagc,
7A,B1,index_10nt_803,acgatatctc,
7A,B2,index_9nt_238,gtaacgagc,
7A,B3,index_10nt_805,taccgctctc,
7A,B4,index_9nt_239,ccgttgagc,
7A,B5,index_10nt_806,gtatgctctc,
7A,B6,index_9nt_240,gaccatagc,
7A,B7,index_10nt_808,gagaggtctc,
7A,B8,index_9nt_241,cctcaacgc,
7A,B9,index_10nt_812,tctacgagtc,
7A,B10,index_9nt_242,atggaacgc,
7A,B11,index_10nt_817,gaaccgcgtc,
7A,B12,index_9nt_243,gaataacgc,
7A,C1,index_10nt_819,ttggctcgtc,
7A,C2,index_9nt_244,ggccgacgc,
7A,C3,index_10nt_822,tatcctggtc,
7A,C4,index_9nt_245,atcagccgc,
7A,C5,index_10nt_824,gtcgtaattc,
7A,C6,index_9nt_246,ccatgccgc,
7A,C7,index_10nt_830,cgattccttc,
7A,C8,index_9nt_247,aagacgcgc,
7A,C9,index_10nt_831,gctaagcttc,
7A,C10,index_9nt_248,ttctcgcgc,
7A,C11,index_10nt_832,ctctggcttc,
7A,C12,index_9nt_249,cttatgcgc,
7A,D1,index_10nt_833,tacctgcttc,
7A,D2,index_9nt_250,gcgaatcgc,
7A,D3,index_10nt_835,tccatagttc,
7A,D4,index_9nt_251,cgacctcgc,
7A,D5,index_10nt_837,cctctcgttc,
7A,D6,index_9nt_252,actggtcgc,
7A,D7,index_10nt_838,ttatgccaag,
7A,D8,index_9nt_253,gtcgttcgc,
7A,D9,index_10nt_839,atcctccaag,
7A,D10,index_9nt_254,cgcgaaggc,
7A,D11,index_10nt_840,gcgttccaag,
7A,D12,index_9nt_255,aacctaggc,
7A,E1,index_10nt_841,gaggcgcaag,
7A,E2,index_9nt_256,cataccggc,
7A,E3,index_10nt_842,acgcggcaag,
7A,E4,index_9nt_257,gcctccggc,
7A,E5,index_10nt_843,cgctggcaag,
7A,E6,index_9nt_258,ttgatcggc,
7A,E7,index_10nt_844,ggatctcaag,
7A,E8,index_9nt_259,gttcctggc,
7A,E9,index_10nt_845,caaggtcaag,
7A,E10,index_9nt_260,caggcatgc,
7A,E11,index_10nt_846,ctatcagaag,
7A,E12,index_9nt_261,ctacgatgc,
7A,F1,index_10nt_847,ggtagcgaag,
7A,F2,index_9nt_262,accgactgc,
7A,F3,index_10nt_848,agtccggaag,
7A,F4,index_9nt_263,aattgctgc,
7A,F5,index_10nt_849,accaatgaag,
7A,F6,index_9nt_264,ggttattgc,
7A,F7,index_10nt_850,gtagatgaag,
7A,F8,index_9nt_265,tgcgcttgc,
7A,F9,index_9nt_266,acttagatc,
7A,F10,index_10nt_852,gtcggctaag,
7A,F11,index_9nt_267,ctgcatatc,
7A,F12,index_10nt_853,atggagtaag,
7A,G1,index_9nt_268,tctagtatc,
7A,G2,index_10nt_854,cgagcgtaag,
7A,G3,index_9nt_269,acgcgactc,
7A,G4,index_10nt_856,aattagccag,
7A,G5,index_9nt_270,gatggactc,
7A,G6,index_10nt_857,cctatgccag,
7A,G7,index_9nt_271,gcaatactc,
7A,G8,index_10nt_858,gcgcatccag,
7A,G9,index_9nt_272,agcgtactc,
7A,G10,index_10nt_861,atcatagcag,
7A,G11,index_10nt_866,gacgttgcag,
7A,G12,index_9nt_274,gtagacctc,
7A,H1,index_10nt_867,gagtaatcag,
7A,H2,index_9nt_275,cgatagctc,
7A,H3,index_10nt_868,gcagcctcag,
7A,H4,index_9nt_276,ataccgctc,
7A,H5,index_10nt_873,gcgagcagag,
7A,H6,index_9nt_277,gcggcgctc,
7A,H7,index_10nt_874,cttgagagag,
7A,H8,index_9nt_278,aactggctc,
7A,H9,index_10nt_876,catagtagag,
7A,H10,index_9nt_279,ccagcagtc,
7A,H11,index_10nt_887,aactgatgag,
7A,H12,index_9nt_280,ctcagagtc,
8A,A1,index_10nt_889,tgatattgag,
8A,A2,index_9nt_281,ggatgagtc,
8A,A3,index_10nt_892,ttccggatag,
8A,A4,index_9nt_282,ggccaggtc,
8A,A5,index_10nt_895,ccgtaactag,
8A,A6,index_9nt_283,aggatggtc,
8A,A7,index_10nt_899,tctggtctag,
8A,A8,index_9nt_284,gagcaattc,
8A,A9,index_10nt_902,ccaagcgtag,
8A,A10,index_9nt_285,gtcgcattc,
8A,A11,index_10nt_903,caggaggtag,
8A,A12,index_9nt_286,atggtcttc,
8A,B1,index_10nt_906,catatattag,
8A,B2,index_9nt_287,cattcgttc,
8A,B3,index_10nt_908,tcgctcttag,
8A,B4,index_9nt_288,atagtcaag,
8A,B5,index_10nt_909,cgcgccaacg,
8A,B6,index_10nt_910,gcatgcaacg,
8A,B7,index_9nt_290,gtatctaag,
8A,B8,index_10nt_911,gttgcgaacg,
8A,B9,index_9nt_291,catcgtaag,
8A,B10,index_10nt_912,gagcggaacg,
8A,B11,index_9nt_292,cgcgttaag,
8A,B12,index_10nt_925,agtacctacg,
8A,C1,index_9nt_293,gatatccag,
8A,C2,index_10nt_926,gcctagtacg,
8A,C3,index_9nt_294,agatggcag,
8A,C4,index_10nt_934,caagcagccg,
8A,C5,index_9nt_295,ctcaatcag,
8A,C6,index_10nt_936,ggtatggccg,
8A,C7,index_9nt_296,atgcttcag,
8A,C8,index_10nt_937,attaatgccg,
8A,C9,index_9nt_297,ccggtagag,
8A,C10,index_10nt_938,ccggatgccg,
8A,C11,index_9nt_298,atcttagag,
8A,C12,index_10nt_939,gcgcgctccg,
8A,D1,index_10nt_942,caactctccg,
8A,D2,index_9nt_300,gcgcaggag,
8A,D3,index_10nt_943,gatgagtccg,
8A,D4,index_9nt_301,cagacggag,
8A,D5,index_10nt_946,tacggttccg,
8A,D6,index_9nt_302,actattgag,
8A,D7,index_10nt_947,aggtcaagcg,
8A,D8,index_9nt_303,attgcatag,
8A,D9,index_10nt_953,aagctccgcg,
8A,D10,index_9nt_304,cgccgctag,
8A,D11,index_10nt_955,cagactcgcg,
8A,D12,index_9nt_305,tacgcgtag,
8A,E1,index_10nt_956,ggaattcgcg,
8A,E2,index_9nt_306,gttcggtag,
8A,E3,index_10nt_957,ttcgttcgcg,
8A,E4,index_9nt_307,tcagattag,
8A,E5,index_10nt_959,gcgtctggcg,
8A,E6,index_9nt_308,cggtattag,
8A,E7,index_10nt_960,cctattggcg,
8A,E8,index_9nt_309,gcggcaacg,
8A,E9,index_10nt_964,ggtctctgcg,
8A,E10,index_9nt_310,cttctaacg,
8A,E11,index_10nt_965,gttacttgcg,
8A,E12,index_9nt_311,atggagacg,
8A,F1,index_10nt_966,aatcgttgcg,
8A,F2,index_9nt_312,ggatagacg,
8A,F3,index_10nt_968,catcatatcg,
8A,F4,index_9nt_313,ttcaggacg,
8A,F5,index_10nt_969,aacggactcg,
8A,F6,index_9nt_314,agtatgacg,
8A,F7,index_10nt_970,cgcgagctcg,
8A,F8,index_9nt_315,atacgtacg,
8A,F9,index_10nt_972,ctattgctcg,
8A,F10,index_9nt_316,cgagaaccg,
8A,F11,index_10nt_973,aggcctctcg,
8A,F12,index_9nt_317,aatagaccg,
8A,G1,index_10nt_976,tgcgcagtcg,
8A,G2,index_9nt_318,gcatgaccg,
8A,G3,index_10nt_977,tatcgagtcg,
8A,G4,index_9nt_319,gacgtaccg,
8A,G5,index_10nt_978,ctgatagtcg,
8A,G6,index_9nt_320,caatcgccg,
8A,G7,index_10nt_979,gcagaggtcg,
8A,G8,index_9nt_321,aggaatccg,
8A,G9,index_10nt_980,gagctattcg,
8A,G10,index_9nt_322,ctggctccg,
8A,G11,index_10nt_983,agctgcaagg,
8A,G12,index_9nt_323,ggacttccg,
8A,H1,index_10nt_984,cggctcaagg,
8A,H2,index_9nt_324,cgcatagcg,
8A,H3,index_10nt_985,cgatagaagg,
8A,H4,index_9nt_325,gttgccgcg,
8A,H5,index_10nt_986,ttggataagg,
8A,H6,index_9nt_326,acctgcgcg,
8A,H7,index_10nt_987,gcaattaagg,
8A,H8,index_9nt_327,cagctcgcg,
8A,H9,index_10nt_990,tccaagcagg,
8A,H10,index_9nt_328,ggcgatgcg,
8A,H11,index_10nt_994,tgaatggagg,
8A,H12,index_9nt_329,ctctaatcg,