"","Location_Name","Lot_Number","Y","X","ELEV_ft","STATE","COUNTY","COLLECT_DATE","PROV_SEED_ZONE","Plant Code","seed_weight","tz_2014_pct","ploidy_chr","notes","gb_psz","prop_weight","accession_id","No. plants","trnH-psbA cpDNA sequence","trnK-rps16 cpDNA sequence","Accession name","cpDNA haplotype","ploidy_num","bayesian_group","L. cinreus Rocky Mtn. race","L. cinreus Columbia race","L. cinreus Great Basin race","L. triticoides","race","color_group"
"1",NA,NA,42.3533,-121.8215,NA,NA,NA,NA,NA,NA,NA,NA,"Tetraploid",NA,NA,NA,"Lcin_OR.05",3,"EF485719","EF486053","T-1520","44","28","2",0.0063,0.819,0.01,0.165,"Columbia","Columbia"
"2",NA,NA,42.4372,-121.2745,NA,NA,NA,NA,NA,NA,NA,NA,"Octoploid",NA,NA,NA,"Lcin_OR.07",2,"EF485721","EF486055","T-1518","44","56","2",0.0055,0.934,0.0055,0.055,"Columbia","Columbia"
"3",NA,NA,41.67,-121.2552,NA,NA,NA,NA,NA,NA,NA,NA,"Tetraploid",NA,NA,NA,"Lcin_CA.08",3,"EF485624","EF485958","T-1524","40","28","2",0.0123,0.8517,0.0653,0.071,"Columbia","Columbia"
"4",NA,NA,50.7847,-121.1893,NA,NA,NA,NA,NA,NA,NA,NA,"Octoploid",NA,NA,NA,"Lcin_T-1061",4,"EF485613","EF485947","PI 598958","41","56","2",0.005,0.9897,0.003,8e-04,"Columbia","Columbia"
"5",NA,NA,42.4088,-121.0593,NA,NA,NA,NA,NA,NA,NA,NA,"Octoploid",NA,NA,NA,"Lcin_OR.06",2,"EF485720","EF486054","T-1517","48","56","2",0.053,0.817,0.064,0.0665,"Columbia","Columbia"
"6",NA,NA,41.4718,-120.9407,NA,NA,NA,NA,NA,NA,NA,NA,"Octoploid",NA,NA,NA,"Lcin_CA.06",3,"EF485622","EF485956","T-1526","40","56","2",0.0053,0.812,0.0567,0.126,"Columbia","Columbia"
"7",NA,NA,44.1792,-120.847,NA,NA,NA,NA,NA,NA,NA,NA,"Octoploid",NA,NA,NA,"Lcin_OR.28",3,"EF485746","EF486080","T-1688","48","56","2",0.018,0.8943,0.072,0.0153,"Columbia","Columbia"
"8",NA,NA,50.204,-120.8408,NA,NA,NA,NA,NA,NA,NA,NA,"Octoploid",NA,NA,NA,"Lcin_BC.16",3,"EF485599","EF485933","PI 655156","29","56","2",0.0023,0.9943,0.0027,0.001,"Columbia","Columbia"
"9",NA,NA,50.7185,-120.8385,NA,NA,NA,NA,NA,NA,NA,NA,"Octoploid",NA,NA,NA,"Lcin_BC.26",2,"EF485609","EF485943","T-1059","41","56","2",0.0035,0.9925,0.0025,0.002,"Columbia","Columbia"
"10",NA,NA,50.7388,-120.8227,NA,NA,NA,NA,NA,NA,NA,NA,"Octoploid",NA,NA,NA,"Lcin_BC.28",3,"EF485611","EF485945","PI 655155","41","56","2",0.0025,0.996,0.0015,0.001,"Columbia","Columbia"
"11",NA,NA,51.1667,-120.75,NA,NA,NA,NA,NA,NA,NA,NA,"Octoploid",NA,NA,NA,"Lcin_BC.01",2,"EF485585","EF485919","Acc:319","41","56","2",0.005,0.9885,0.006,0.001,"Columbia","Columbia"
"12",NA,NA,49.3737,-120.75,NA,NA,NA,NA,NA,NA,NA,NA,"Octoploid",NA,NA,NA,"Lcin_BC.08",2,"EF485591","EF485925","PI 655160","42","56","2",0.002,0.994,0.003,0.0015,"Columbia","Columbia"
"13",NA,NA,40.9052,-120.7415,NA,NA,NA,NA,NA,NA,NA,NA,"Tetraploid",NA,NA,NA,"Lcin_CA.03",3,"EF485619","EF485953","T-1530","44","28","2",0.0223,0.772,0.194,0.0117,"Columbia","Columbia"
"14",NA,NA,50.1563,-120.675,NA,NA,NA,NA,NA,NA,NA,NA,"Octoploid",NA,NA,NA,"Lcin_BC.14",3,"EF485597","EF485931","PI 655157","42","56","2",0.0023,0.9947,0.002,0.001,"Columbia","Columbia"
"15",NA,NA,44.308,-120.6413,NA,NA,NA,NA,NA,NA,NA,NA,"Octoploid",NA,NA,NA,"Lcin_OR.30",2,"EF485748","EF486082","Acc:370","42","56","2",0.007,0.986,0.0055,0.001,"Columbia","Columbia"
"16",NA,NA,40.5868,-120.6382,NA,NA,NA,NA,NA,NA,NA,NA,"Tetraploid",NA,NA,NA,"Lcin_CA.02",2,"EF485618","EF485952","T-1531","41","28","2",0.0535,0.6675,0.2775,0.001,"Columbia","Columbia"
"17",NA,NA,50.7027,-120.6023,NA,NA,NA,NA,NA,NA,NA,NA,"Octoploid",NA,NA,NA,"Lcin_BC.22",2,"EF485605","EF485939","PI 598957","41","56","2",0.003,0.9945,0.002,0.001,"Columbia","Columbia"
"18",NA,NA,46.0847,-120.5515,NA,NA,NA,NA,NA,NA,NA,NA,"Octoploid",NA,NA,NA,"Lcin_WA.03",2,"EF485795","EF486129","T-1000","41","56","2",0.0025,0.9915,0.0055,0.001,"Columbia","Columbia"
"19",NA,NA,50.143,-120.5398,NA,NA,NA,NA,NA,NA,NA,NA,"Octoploid",NA,NA,NA,"Lcin_BC.13",2,"EF485596","EF485930","PI 655158","42","56","2",0.002,0.996,0.001,0.001,"Columbia","Columbia"
"20",NA,NA,41.2753,-120.5018,NA,NA,NA,NA,NA,NA,NA,NA,"Octoploid",NA,NA,NA,"Lcin_CA.05",2,"EF485621","EF485955","T-1537","42","56","2",0.008,0.8325,0.152,0.008,"Columbia","Columbia"
"21",NA,NA,40.9565,-120.5012,NA,NA,NA,NA,NA,NA,NA,NA,"Tetraploid",NA,NA,NA,"Lcin_CA.04",4,"EF485620","EF485954","T-1536","9","28","2",0.0065,0.5915,0.374,0.0275,"Columbia","Columbia"
"22",NA,NA,41.5227,-120.4702,NA,NA,NA,NA,NA,NA,NA,NA,"Tetraploid",NA,NA,NA,"Lcin_CA.07",3,"EF485623","EF485957","T-1538","44","28","2",0.0033,0.7027,0.1457,0.1483,"Columbia","Columbia"
"23",NA,NA,50.7037,-120.4393,NA,NA,NA,NA,NA,NA,NA,NA,"Octoploid",NA,NA,NA,"Lcin_BC.23",2,"EF485606","EF485940","PI 639837","41","56","2",0.0035,0.993,0.0025,0.001,"Columbia","Columbia"
"24",NA,NA,50.7075,-120.4247,NA,NA,NA,NA,NA,NA,NA,NA,"Octoploid",NA,NA,NA,"Lcin_BC.25",2,"EF485608","EF485942","PI 598956","41","56","2",0.003,0.9925,0.002,0.0025,"Columbia","Columbia"
"25",NA,NA,46.2352,-120.4177,NA,NA,NA,NA,NA,NA,NA,NA,"Octoploid",NA,NA,NA,"Lcin_WA.04",3,"EF485796","EF486130","T-999","41","56","2",0.006,0.9883,0.0047,0.0017,"Columbia","Columbia"
"26",NA,NA,50.7392,-120.405,NA,NA,NA,NA,NA,NA,NA,NA,"Octoploid",NA,NA,NA,"Lcin_BC.29",2,"EF485612","EF485946","PI 636663","41","56","2",0.0015,0.9965,0.0015,0.001,"Columbia","Columbia"
"27",NA,NA,44.1253,-120.3744,NA,NA,NA,NA,NA,NA,NA,NA,"Octoploid",NA,NA,NA,"Lcin_OR.26",3,"EF485744","EF486078","Deschutes","41","56","2",0.0173,0.9677,0.011,0.0043,"Columbia","Columbia"
"28",NA,NA,41.8217,-120.3512,NA,NA,NA,NA,NA,NA,NA,NA,"Octoploid",NA,NA,NA,"Lcin_CA.09",3,"EF485625","EF485959","T-1540","44","56","2",0.2077,0.6527,0.0413,0.0983,"Columbia","Columbia"
"29",NA,NA,42.1889,-120.3458,NA,NA,NA,NA,NA,NA,NA,NA,"Tetraploid",NA,NA,NA,"Lcin_OR.02",2,"-","-","T-1516","-","28","2",0.208,0.5035,0.193,0.0955,"Columbia","Columbia"
"30",NA,NA,50.7075,-120.3015,NA,NA,NA,NA,NA,NA,NA,NA,"Octoploid",NA,NA,NA,"Lcin_BC.24",2,"EF485607","EF485941","PI 598955","42","56","2",0.0035,0.9905,0.0045,0.0015,"Columbia","Columbia"
"31",NA,NA,44.5736,-120.2889,NA,NA,NA,NA,NA,NA,NA,NA,"Tetraploid",NA,NA,NA,"Lcin_OR.35",3,"EF485752","EF486086","T-1684","41","28","2",0.164,0.789,0.0457,0.0013,"Columbia","Columbia"
"32",NA,NA,40.584,-120.252,NA,NA,NA,NA,NA,NA,NA,NA,"Octoploid",NA,NA,NA,"Lcin_CA.01",2,"EF485764","EF486098","T-1535","41","56","2",0.075,0.3155,0.606,0.0035,"Columbia","Columbia"
"33",NA,NA,50.6583,-120.0915,NA,NA,NA,NA,NA,NA,NA,NA,"Octoploid",NA,NA,NA,"Lcin_BC.21",3,"EF485604","EF485938","PI 655154","41","56","2",0.005,0.991,0.0027,0.0013,"Columbia","Columbia"
"34",NA,NA,50.7387,-120.0698,NA,NA,NA,NA,NA,NA,NA,NA,"Octoploid",NA,NA,NA,"Lcin_BC.27",3,"EF485610","EF485944","PI 636662","42","56","2",0.0025,0.995,0.002,0.001,"Columbia","Columbia"
"35",NA,NA,48.3572,-120.024,NA,NA,NA,NA,NA,NA,NA,NA,"Octoploid",NA,NA,NA,"Lcin_WA.41",2,"EF485832","EF486166","T-1083","41","56","2",0.004,0.991,0.004,0.001,"Columbia","Columbia"
"36",NA,NA,43.5866,-120.0219,NA,NA,NA,NA,NA,NA,NA,NA,"Octoploid",NA,NA,NA,"Lcin_OR.20",2,"EF485737","EF486071","T-1689","41","56","2",0.009,0.9565,0.0065,0.028,"Columbia","Columbia"
"37",NA,NA,44.7373,-120.0051,NA,NA,NA,NA,NA,NA,NA,NA,"Octoploid",NA,NA,NA,"Lcin_OR.40",3,"EF485756","EF486090","T-1630","41","56","2",0.0173,0.9237,0.055,0.0037,"Columbia","Columbia"
"38",NA,NA,50.6417,-119.9252,NA,NA,NA,NA,NA,NA,NA,NA,"Octoploid",NA,NA,NA,"Lcin_BC.19",2,"EF485602","EF485936","PI 655159","42","56","2",0.0035,0.9915,0.004,0.0015,"Columbia","Columbia"
"39",NA,NA,45.2558,-119.829,NA,NA,NA,NA,NA,NA,NA,NA,"Octoploid",NA,NA,NA,"Lcin_OR.46",2,"EF485762","EF486096","T-1626","40","56","2",0.002,0.9955,0.0025,0.001,"Columbia","Columbia"
"40",NA,NA,45.4991,-119.7911,NA,NA,NA,NA,NA,NA,NA,NA,"Octoploid",NA,NA,NA,"Lcin_OR.54",4,"EF485768","EF486102","T-1681","44","56","2",0.0055,0.988,0.0058,0.001,"Columbia","Columbia"
"41",NA,NA,39.2039,-119.7774,NA,NA,NA,NA,NA,NA,NA,NA,"Tetraploid",NA,NA,NA,"Lcin_NV.62",2,"EF485713","EF486047","D-2859","41","28","4",0.304,0.0045,0.0465,0.6445,"Great Basin","Great Basin"
"42",NA,NA,49.169,-119.7422,NA,NA,NA,NA,NA,NA,NA,NA,"Octoploid",NA,NA,NA,"Lcin_BC.07",2,"EF485590","EF485924","PI 598954","41","56","2",0.006,0.9905,0.002,0.0015,"Columbia","Columbia"
"43",NA,NA,48.6082,-119.6893,NA,NA,NA,NA,NA,NA,NA,NA,"Octoploid",NA,NA,NA,"Lcin_WA.47",2,"EF485836","EF486170","T-1080","42","56","2",0.002,0.995,0.0015,0.0015,"Columbia","Columbia"
"44","Twentyone Mile Hill LECI4","LECI4-1130-2003",39.769267,-119.686405,4428,"Nevada","Washoe",2003-07-11,"20 - 25 Deg. F. / 6 - 12","LECI4",0.5,79,"Tetraploid",NA,"Zone 16",0.150132275132275,NA,NA,NA,NA,NA,NA,NA,NA,NA,NA,NA,NA,NA,"Zone 16"
"45",NA,NA,48.3337,-119.6835,NA,NA,NA,NA,NA,NA,NA,NA,"Octoploid",NA,NA,NA,"Lcin_WA.40",3,"EF485831","EF486165","T-1082","42","56","2",0.0027,0.995,0.0017,7e-04,"Columbia","Columbia"
"46",NA,NA,45.1359,-119.6715,NA,NA,NA,NA,NA,NA,NA,NA,"Octoploid",NA,NA,NA,"Lcin_OR.45",3,"EF485761","EF486095","T-1682","49","56","2",0.003,0.9927,0.003,0.0013,"Columbia","Columbia"
"47",NA,NA,48.1333,-119.6692,NA,NA,NA,NA,NA,NA,NA,NA,"Tetraploid",NA,NA,NA,"Lcin_WA.38",2,"EF485829","EF486163","T-1084","42","28","2",0.004,0.9925,0.0025,0.001,"Columbia","Columbia"
"48",NA,NA,48.6355,-119.638,NA,NA,NA,NA,NA,NA,NA,NA,"Octoploid",NA,NA,NA,"Lcin_WA.49",2,"EF485838","EF486172","T-1079","40","56","2",0.005,0.988,0.0065,0.001,"Columbia","Columbia"
"49",NA,NA,49.5725,-119.6378,NA,NA,NA,NA,NA,NA,NA,NA,"Octoploid",NA,NA,NA,"Lcin_BC.09",2,"EF485592","EF485926","PI 598960","41","56","2",0.0025,0.994,0.003,5e-04,"Columbia","Columbia"
"50",NA,NA,48.8543,-119.6363,NA,NA,NA,NA,NA,NA,NA,NA,"Octoploid",NA,NA,NA,"Lcin_WA.50",3,"EF485763","EF486097","T-1074","42","56","2",0.005,0.9917,0.002,0.0017,"Columbia","Columbia"
"51",NA,NA,47.2727,-119.5747,NA,NA,NA,NA,NA,NA,NA,NA,"Octoploid",NA,NA,NA,"Lcin_WA.22",3,"EF485814","EF486148","T-990","41","56","2",0.003,0.9937,0.003,0.001,"Columbia","Columbia"
"52",NA,NA,47.487,-119.5078,NA,NA,NA,NA,NA,NA,NA,NA,"Octoploid",NA,NA,NA,"Lcin_WA.28",3,"EF485820","EF486154","T-985","40","56","2",0.0043,0.9867,0.0073,0.002,"Columbia","Columbia"
"53",NA,NA,48.967,-119.492,NA,NA,NA,NA,NA,NA,NA,NA,"Octoploid",NA,NA,NA,"Lcin_BC.03",3,"EF485586","EF485920","PI 636665","42","56","2",0.004,0.989,0.0057,0.0013,"Columbia","Columbia"
"54",NA,NA,48.5848,-119.4858,NA,NA,NA,NA,NA,NA,NA,NA,"Octoploid",NA,NA,NA,"Lcin_WA.44",3,"EF485834","EF486168","T-1077","42","56","2",0.0013,0.9957,0.0017,0.0013,"Columbia","Columbia"
"55",NA,NA,48.5542,-119.419,NA,NA,NA,NA,NA,NA,NA,NA,"Octoploid",NA,NA,NA,"Lcin_WA.43",3,"EF485833","EF486167","T-1076","42","56","2",0.0067,0.9807,0.0043,0.0083,"Columbia","Columbia"
"56",NA,NA,50.0745,-119.3922,NA,NA,NA,NA,NA,NA,NA,NA,"Octoploid",NA,NA,NA,"Lcin_BC.12",2,"EF485595","EF485929","T-1068","41","56","2",0.005,0.992,0.0025,0.001,"Columbia","Columbia"
"57",NA,NA,47.6018,-119.373,NA,NA,NA,NA,NA,NA,NA,NA,"Octoploid",NA,NA,NA,"Lcin_WA.31",3,"EF485823","EF486157","T-986","40","56","2",0.004,0.9927,0.002,0.001,"Columbia","Columbia"
"58",NA,NA,48.618,-119.3718,NA,NA,NA,NA,NA,NA,NA,NA,"Octoploid",NA,NA,NA,"Lcin_WA.48",3,"EF485837","EF486171","T-1075","41","56","2",0.0043,0.9893,0.0057,0.001,"Columbia","Columbia"
"59",NA,NA,48.2337,-119.301,NA,NA,NA,NA,NA,NA,NA,NA,"Octoploid",NA,NA,NA,"Lcin_WA.39",3,"EF485830","EF486164","T-1049","42","56","2",0.0023,0.9943,0.0017,0.0013,"Columbia","Columbia"
"60",NA,NA,47.4215,-119.2902,NA,NA,NA,NA,NA,NA,NA,NA,"Octoploid",NA,NA,NA,"Lcin_WA.27",2,"EF485819","EF486153","T-984","42","56","2",0.005,0.9925,0.002,0.001,"Columbia","Columbia"
"61",NA,NA,50.3203,-119.2403,NA,NA,NA,NA,NA,NA,NA,NA,"Octoploid",NA,NA,NA,"Lcin_BC.17",2,"EF485600","EF485934","PI 598959","41","56","2",0.0015,0.996,0.0015,5e-04,"Columbia","Columbia"
"62",NA,NA,49.009,-119.2198,NA,NA,NA,NA,NA,NA,NA,NA,"Octoploid",NA,NA,NA,"Lcin_BC.05",3,"EF485588","EF485922","PI 598961","41","56","2",0.0063,0.9847,0.006,0.0027,"Columbia","Columbia"
"63",NA,NA,45.4911,-119.1315,NA,NA,NA,NA,NA,NA,NA,NA,"Octoploid",NA,NA,NA,"Lcin_OR.52",3,"EF485767","EF486101","T-1679","42","56","2",0.0043,0.992,0.0027,0.001,"Columbia","Columbia"
"64",NA,NA,47.8417,-119.1087,NA,NA,NA,NA,NA,NA,NA,NA,"Octoploid",NA,NA,NA,"Lcin_WA.36",3,"EF485827","EF486161","T-987","41","56","2",0.0037,0.9757,0.0023,0.0187,"Columbia","Columbia"
"65",NA,NA,44.7281,-119.1042,NA,NA,NA,NA,NA,NA,NA,NA,"Tetraploid",NA,NA,NA,"Lcin_OR.38",2,"-","-","T-1673","-","28","1",0.8805,0.101,0.016,0.0025,"Rocky Mtn.","Rocky Mtn."
"66",NA,NA,44.7281,-119.1042,NA,NA,NA,NA,NA,NA,NA,NA,"Tetraploid",NA,NA,NA,"Lcin_OR.39",2,"EF485755","EF486089","T-1674","41","28","1",0.87,0.012,0.1175,0.001,"Rocky Mtn.","Rocky Mtn."
"67",NA,NA,47.3858,-119.0408,NA,NA,NA,NA,NA,NA,NA,NA,"Octoploid",NA,NA,NA,"Lcin_WA.25",2,"EF485817","EF486151","T-983","42","56","2",0.005,0.9895,0.0045,0.001,"Columbia","Columbia"
"68",NA,NA,46.475,-119.0062,NA,NA,NA,NA,NA,NA,NA,NA,"Octoploid",NA,NA,NA,"Lcin_WA.06",3,"EF485797","EF486131","T-998","48","56","2",0.0023,0.991,0.006,0.0013,"Columbia","Columbia"
"69",NA,NA,49.0683,-119.0057,NA,NA,NA,NA,NA,NA,NA,NA,"Octoploid",NA,NA,NA,"Lcin_BC.06",3,"EF485589","EF485923","PI 636664","41","56","2",0.002,0.9943,0.0027,0.001,"Columbia","Columbia"
"70",NA,NA,45.3568,-118.9982,NA,NA,NA,NA,NA,NA,NA,NA,"Octoploid",NA,NA,NA,"Lcin_OR.48",3,"EF485764","EF486098","T-1677","44","56","2",0.009,0.9833,0.0037,0.004,"Columbia","Columbia"
"71",NA,NA,42.6793,-118.998,NA,NA,NA,NA,NA,NA,NA,NA,"Octoploid",NA,NA,NA,"Lcin_OR.08",2,"EF485722, 23","EF486056, 57","T-1694","18,49","56","3",0.01,0.4115,0.5775,0.002,"Great Basin","Great Basin"
"72",NA,NA,45.4082,-118.9922,NA,NA,NA,NA,NA,NA,NA,NA,"Octoploid",NA,NA,NA,"Lcin_OR.50",2,"-","-","T-1678","-","56","2",0.0185,0.9495,0.0315,0.001,"Columbia","Columbia"
"73",NA,NA,48.0377,-118.9678,NA,NA,NA,NA,NA,NA,NA,NA,"Octoploid",NA,NA,NA,"Lcin_WA.37",3,"EF485828","EF486162","T-1048","41","56","2",0.0023,0.984,0.0037,0.01,"Columbia","Columbia"
"74",NA,NA,44.1611,-118.9527,NA,NA,NA,NA,NA,NA,NA,NA,"Octoploid",NA,NA,NA,"Lcin_OR.27",2,"EF485745","EF486079","T-1676","41","56","2",0.0055,0.9895,0.004,0.001,"Columbia","Columbia"
"75",NA,NA,44.9869,-118.9512,NA,NA,NA,NA,NA,NA,NA,NA,"Octoploid",NA,NA,NA,"Lcin_OR.43",3,"EF485759","EF486093","T-1675","42","56","2",0.0417,0.9163,0.0357,0.0067,"Columbia","Columbia"
"76",NA,NA,43.1178,-118.9139,NA,NA,NA,NA,NA,NA,NA,NA,"Octoploid",NA,NA,NA,"Lcin_OR.15",2,"EF485732","EF486066","T-1692","44","56","2",0.032,0.8975,0.068,0.0025,"Columbia","Columbia"
"77",NA,NA,42.8833,-118.8833,NA,NA,NA,NA,NA,NA,NA,NA,"Tetraploid",NA,NA,NA,"Lcin_OR.12",2,"EF485729","EF486063","PI 516192","41","28","2",0.189,0.716,0.094,0.001,"Columbia","Columbia"
"78",NA,NA,44.4308,-118.8456,NA,NA,NA,NA,NA,NA,NA,NA,"Octoploid",NA,NA,NA,"Lcin_OR.34",2,"EF485751","EF486085","T-1671","49","56","2",0.2215,0.7405,0.0365,0.001,"Columbia","Columbia"
"79",NA,NA,45.7167,-118.7833,NA,NA,NA,NA,NA,NA,NA,NA,"Octoploid",NA,NA,NA,"Lcin_OR.55",2,"-","-","T-18","-","56","2",0.0025,0.994,0.003,0.001,"Columbia","Columbia"
"80",NA,NA,45.7667,-118.7833,NA,NA,NA,NA,NA,NA,NA,NA,"Octoploid",NA,NA,NA,"Lcin_OR.56",3,"EF485769","EF486103","T-19","41","56","2",0.0047,0.9657,0.0223,0.0073,"Columbia","Columbia"
"81",NA,NA,47.5238,-118.7765,NA,NA,NA,NA,NA,NA,NA,NA,"Octoploid",NA,NA,NA,"Lcin_WA.29",3,"EF485821","EF486155","T-989","41","56","2",0.005,0.992,0.0023,7e-04,"Columbia","Columbia"
"82",NA,NA,42.3287,-118.7664,NA,NA,NA,NA,NA,NA,NA,NA,"Octoploid",NA,NA,NA,"Lcin_OR.03",2,"EF485717","EF486051","T-1696","37","56","1",0.4,0.2355,0.3635,0.001,"Rocky Mtn.","Rocky Mtn."
"83",NA,NA,43.4394,-118.6846,NA,NA,NA,NA,NA,NA,NA,NA,"Octoploid",NA,NA,NA,"Lcin_OR.18",3,"EF485735","EF486069","T-1660","36","56","1",0.467,0.408,0.119,0.0063,"Rocky Mtn.","Rocky Mtn."
"84",NA,NA,46.95,-118.6333,NA,NA,NA,NA,NA,NA,NA,NA,"Octoploid",NA,NA,NA,"Lcin_WA.18",3,"EF485810","EF486144","T-1013","48","56","2",0.0027,0.9917,0.0057,3e-04,"Columbia","Columbia"
"85",NA,NA,42.0667,-118.6,NA,NA,NA,NA,NA,NA,NA,NA,"Octoploid",NA,NA,NA,"Lcin_OR.01",3,"EF485716","EF486050","PI 516191","44","56","3",0.01,0.1537,0.832,0.005,"Great Basin","Great Basin"
"86",NA,NA,46.0382,-118.4582,NA,NA,NA,NA,NA,NA,NA,NA,"Octoploid",NA,NA,NA,"Lcin_WA.01",2,"EF485794","EF486128","T-1004","42","56","2",0.0075,0.989,0.0025,0.001,"Columbia","Columbia"
"87",NA,NA,47.3167,-118.4333,NA,NA,NA,NA,NA,NA,NA,NA,"Octoploid",NA,NA,NA,"Lcin_WA.23",2,"EF485815","EF486149","T-982","41","56","2",0.002,0.992,0.004,0.0015,"Columbia","Columbia"
"88",NA,NA,46.6902,-118.4223,NA,NA,NA,NA,NA,NA,NA,NA,"Octoploid",NA,NA,NA,"Lcin_WA.10",3,"EF485802","EF486136","T-997","41","56","2",0.004,0.993,0.002,0.001,"Columbia","Columbia"
"89",NA,NA,46.7597,-118.3377,NA,NA,NA,NA,NA,NA,NA,NA,"Octoploid",NA,NA,NA,"Lcin_WA.12",2,"EF485804","EF486138","T-991","41","56","2",0.0045,0.9925,0.002,0.001,"Columbia","Columbia"
"90","Eldorado Canyon  LECI4","LECI4-1079-2014",40.522808,-118.227962,5420,"Nevada","Pershing",2014-07-30,"20 - 25 Deg. F. / 6 - 12","LECI4",0.110132158590308,92,"Tetraploid",NA,"Zone 16",0.0330687830687831,NA,NA,NA,NA,NA,NA,NA,NA,NA,NA,NA,NA,NA,"Zone 16"
"91",NA,NA,43.0905,-118.2058,NA,NA,NA,NA,NA,NA,NA,NA,"Tetraploid",NA,NA,NA,"Lcin_OR.14",3,"EF485731","EF486065","T-1659","41","28","1",0.8493,0.0503,0.0957,0.005,"Rocky Mtn.","Rocky Mtn."
"92",NA,NA,47.5503,-118.1835,NA,NA,NA,NA,NA,NA,NA,NA,"Octoploid",NA,NA,NA,"Lcin_WA.30",2,"EF485822","EF486156","T-977","42","56","2",0.002,0.995,0.002,0.001,"Columbia","Columbia"
"93",NA,NA,47.7755,-118.1707,NA,NA,NA,NA,NA,NA,NA,NA,"Octoploid",NA,NA,NA,"Lcin_WA.35",3,"EF485826","EF486160","T-978","40","56","2",0.0073,0.986,0.005,0.0017,"Columbia","Columbia"
"94",NA,NA,41.4395,-118.1662,NA,NA,NA,NA,NA,NA,NA,NA,"Octoploid",NA,NA,NA,"Lcin_NV.49",3,"-","-","T-1700","-","56","2",0.0053,0.6617,0.332,0.0013,"Columbia","Columbia"
"95",NA,NA,44.42,-118.114,NA,NA,NA,NA,NA,NA,NA,NA,"Tetraploid",NA,NA,NA,"Lcin_OR.33",2,"EF485750","EF486084","-","-","28","1",0.8095,0.1505,0.038,0.0015,"Rocky Mtn.","Rocky Mtn."
"96",NA,NA,46.7672,-118.0258,NA,NA,NA,NA,NA,NA,NA,NA,"Octoploid",NA,NA,NA,"Lcin_WA.13",2,"EF485805","EF486139","T-993","41","56","2",0.003,0.9925,0.0035,0.001,"Columbia","Columbia"
"97",NA,NA,45.2865,-118.0247,NA,NA,NA,NA,NA,NA,NA,NA,"Octoploid",NA,NA,NA,"Lcin_OR.47",2,"EF485763","EF486097","T-1007","41","56","2",0.0065,0.987,0.0065,0.001,"Columbia","Columbia"
"98",NA,NA,44.2333,-117.9667,NA,NA,NA,NA,NA,NA,NA,NA,"Octoploid",NA,NA,NA,"Lcin_OR.29",3,"EF485747","EF486081","Acc:370","41","56","1",0.784,0.1157,0.1,0.001,"Rocky Mtn.","Rocky Mtn."
"99",NA,NA,46.7833,-117.95,NA,NA,NA,NA,NA,NA,NA,NA,"Octoploid",NA,NA,NA,"Lcin_WA.15",2,"EF485807","EF486141","T-1014","42","56","2",0.004,0.993,0.002,0.001,"Columbia","Columbia"
"100",NA,NA,41.3858,-117.9378,NA,NA,NA,NA,NA,NA,NA,NA,"Octoploid",NA,NA,NA,"Lcin_NV.46",3,"EF485699","EF486033","BK-33","30","56","3",0.047,0.0037,0.939,0.0107,"Great Basin","Great Basin"
"101",NA,NA,41.4021,-117.8844,NA,NA,NA,NA,NA,NA,NA,NA,"Octoploid",NA,NA,NA,"Lcin_NV.47",2,"EF485700","EF486034","U85-02","30","56","3",0.0225,0.017,0.9585,0.002,"Great Basin","Great Basin"
"102","Quinn River Valley LECI4","LECI4-1113-2002",41.402056,-117.884377,4140,"Nevada","Humboldt",2002-07-23,"15 - 20 Deg. F. / 6 - 12","LECI4",2,NA,"Octoploid",NA,"Zone 12",0.1743679163034,NA,NA,NA,NA,NA,NA,NA,NA,NA,NA,NA,NA,NA,"Zone 12"
"103",NA,NA,47.1865,-117.8695,NA,NA,NA,NA,NA,NA,NA,NA,"Octoploid",NA,NA,NA,"Lcin_WA.21",3,"EF485813","EF486147","T-974","40","56","2",0.0023,0.99,0.004,0.0033,"Columbia","Columbia"
"104",NA,NA,42.7776,-117.8484,NA,NA,NA,NA,NA,NA,NA,NA,"Octoploid",NA,NA,NA,"Lcin_OR.09",3,"EF485724","EF486058","T-1657","40","56","3",0.3513,0.0053,0.6423,0.001,"Great Basin","Great Basin"
"105",NA,NA,46.523,-117.834,NA,NA,NA,NA,NA,NA,NA,NA,"Octoploid",NA,NA,NA,"Lcin_WA.08",2,"EF485798","EF486132","T-995","41","56","2",0.0035,0.9925,0.0035,5e-04,"Columbia","Columbia"
"106",NA,NA,47.65,-117.8333,NA,NA,NA,NA,NA,NA,NA,NA,"Octoploid",NA,NA,NA,"Lcin_WA.33",2,"EF485825","EF486159","T-981","41","56","2",0.004,0.9885,0.0045,0.003,"Columbia","Columbia"
"107",NA,NA,42.7988,-117.7474,NA,NA,NA,NA,NA,NA,NA,NA,"Octoploid",NA,NA,NA,"Lcin_OR.10",2,"EF485725","EF486059","T-1655","30","56","3",0.1025,0.021,0.873,0.0035,"Great Basin","Great Basin"
"108",NA,NA,41.1372,-117.733,NA,NA,NA,NA,NA,NA,NA,NA,"Tetraploid",NA,NA,NA,"Lcin_NV.39",2,"EF485693","EF486027","U83-02","40","28","1",0.9855,0.005,0.009,5e-04,"Rocky Mtn.","Rocky Mtn."
"109","Sand Pass LECI4","LECI4-1120-2002",41.137194,-117.73298,5000,"Nevada","Humboldt",2002-07-10,"20 - 25 Deg. F. / 6 - 12","LECI4",2,88,"Tetraploid",NA,"Zone 16",0.6005291005291,NA,NA,NA,NA,NA,NA,NA,NA,NA,NA,NA,NA,NA,"Zone 16"
"110",NA,NA,46.7698,-117.7037,NA,NA,NA,NA,NA,NA,NA,NA,"Octoploid",NA,NA,NA,"Lcin_WA.14",3,"EF485806","EF486140","T-994","28","56","2",0.0033,0.9937,0.002,0.001,"Columbia","Columbia"
"111","Pleasant Valley LECI4","LECI4-2502-2014",40.253304,-117.672611,4300,"Nevada","Pershing",2014-07-30,"15 - 20 Deg. F. / 6 - 12","LECI4",0.5,96,"Tetraploid",NA,"Zone 12",0.04359197907585,NA,NA,NA,NA,NA,NA,NA,NA,NA,NA,NA,NA,NA,"Zone 12"
"112",NA,NA,41.8439,-117.6536,NA,NA,NA,NA,NA,NA,NA,NA,"Tetraploid",NA,NA,NA,"Lcin_NV.60",2,"EF485711","EF486045","BK-30","41","28","1",0.9665,0.006,0.027,0.001,"Rocky Mtn.","Rocky Mtn."
"113",NA,NA,45.0372,-117.6403,NA,NA,NA,NA,NA,NA,NA,NA,"Octoploid",NA,NA,NA,"Lcin_OR.44",2,"EF485760","EF486094","T-1009","48","56","2",0.017,0.9705,0.0125,0.001,"Columbia","Columbia"
"114",NA,NA,47.1098,-117.6402,NA,NA,NA,NA,NA,NA,NA,NA,"Octoploid",NA,NA,NA,"Lcin_WA.20",2,"EF485812","EF486146","T-973","41","56","2",0.003,0.994,0.0025,5e-04,"Columbia","Columbia"
"115",NA,NA,42.8413,-117.6255,NA,NA,NA,NA,NA,NA,NA,NA,"Octoploid",NA,NA,NA,"Lcin_OR.11",3,"EF485727, 28","EF486061, 62","T-1653","40,44","56","1",0.7117,0.028,0.2593,0.0013,"Rocky Mtn.","Rocky Mtn."
"116",NA,NA,47.639,-117.5695,NA,NA,NA,NA,NA,NA,NA,NA,"Octoploid",NA,NA,NA,"Lcin_WA.32",2,"EF485824","EF486158","T-980","40","56","2",0.0065,0.989,0.004,0.001,"Columbia","Columbia"
"117","Paradise Valley LECI4","LECI4-2500-2014",41.517733,-117.544849,4700,"Nevada","Humboldt",2014-07-29,"15 - 20 Deg. F. / 6 - 12","LECI4",0.5,98,"Octoploid",NA,"Zone 12",0.04359197907585,NA,NA,NA,NA,NA,NA,NA,NA,NA,NA,NA,NA,NA,"Zone 12"
"118","Burge Ranch LECI4","LECI4-2497-2014",41.469428,-117.53415,4500,"Nevada","Humboldt",2014-07-30,"15 - 20 Deg. F. / 6 - 12","LECI4",0.5,82,"Octoploid",NA,"Zone 12",0.04359197907585,NA,NA,NA,NA,NA,NA,NA,NA,NA,NA,NA,NA,NA,"Zone 12"
"119",NA,NA,47.0223,-117.4903,NA,NA,NA,NA,NA,NA,NA,NA,"Octoploid",NA,NA,NA,"Lcin_WA.19",2,"EF485811","EF486145","T-972","41","56","2",0.0025,0.992,0.0045,0.001,"Columbia","Columbia"
"120",NA,NA,40.6167,-117.4333,NA,NA,NA,NA,NA,NA,NA,NA,"Tetraploid",NA,NA,NA,"Lcin_NV.19",2,"EF485675","EF486009","Acc:397","44","28","1",0.6635,0.003,0.3225,0.011,"Rocky Mtn.","Rocky Mtn."
"121",NA,NA,41.6667,-117.4333,NA,NA,NA,NA,NA,NA,NA,NA,"Tetraploid",NA,NA,NA,"Lcin_NV.57",2,"-","-","PI 563862","-","28","3",0.002,0.0015,0.9955,0.001,"Great Basin","Great Basin"
"122",NA,NA,46.6833,-117.3833,NA,NA,NA,NA,NA,NA,NA,NA,"Octoploid",NA,NA,NA,"Lcin_WA.09",2,"EF485801","EF486135","T-14","41","56","2",0.003,0.99,0.0065,0.001,"Columbia","Columbia"
"123",NA,NA,45.441,-117.3507,NA,NA,NA,NA,NA,NA,NA,NA,"Octoploid",NA,NA,NA,"Lcin_OR.51",2,"EF485766","EF486100","T-1006","40","56","2",0.009,0.9845,0.0055,0.001,"Columbia","Columbia"
"124",NA,NA,45.492,-117.276,NA,NA,NA,NA,NA,NA,NA,NA,"Octoploid",NA,NA,NA,"Lcin_OR.53",3,"-","-","T-1005","-","56","2",0.0053,0.9903,0.0027,0.0017,"Columbia","Columbia"
"125",NA,NA,43.91,-117.1768,NA,NA,NA,NA,NA,NA,NA,NA,"Octoploid",NA,NA,NA,"Lcin_OR.24",3,"EF485742","EF486076","U108-01","42","56","2",0.0073,0.974,0.0087,0.01,"Columbia","Columbia"
"126","Gold Venture Road LECI4","LECI4-1074-2003",39.44296,-117.176143,5792,"Nevada","Lander",2003-07-24,"10 - 15 Deg. F. / 6 - 12","LECI4",1,NA,"Tetraploid",NA,"Zone 8",0.111111111111111,NA,NA,NA,NA,NA,NA,NA,NA,NA,NA,NA,NA,NA,"Zone 8"
"127",NA,NA,39.443,-117.1761,NA,NA,NA,NA,NA,NA,NA,NA,"Tetraploid",NA,NA,NA,"Lcin_NV.02",2,"EF485660","EF485994","Gold Venture","44","28","3",0.073,0.002,0.924,0.001,"Great Basin","Great Basin"
"128",NA,NA,43.4078,-117.1185,NA,NA,NA,NA,NA,NA,NA,NA,"Octoploid",NA,NA,NA,"Lcin_OR.17",3,"EF485734","EF486068","T-1649","-","56","1",0.6453,0.025,0.3293,7e-04,"Rocky Mtn.","Rocky Mtn."
"129",NA,NA,40.7833,-117.0833,NA,NA,NA,NA,NA,NA,NA,NA,"Tetraploid",NA,NA,NA,"Lcin_NV.23",2,"EF485681","EF486015","Acc:398","41","28","1",0.71,0.003,0.286,0.001,"Rocky Mtn.","Rocky Mtn."
"130",NA,NA,42.9761,-117.058,NA,NA,NA,NA,NA,NA,NA,NA,"Octoploid",NA,NA,NA,"Lcin_OR.13",2,"EF485730","EF486064","T-1650","40","56","1",0.875,0.102,0.018,0.005,"Rocky Mtn.","Rocky Mtn."
"131",NA,NA,43.2478,-117.0262,NA,NA,NA,NA,NA,NA,NA,NA,"Tetraploid",NA,NA,NA,"Lcin_ID.07",2,"EF485634","EF485968","U105-01","40","28","1",0.518,0.179,0.3025,0.001,"Rocky Mtn.","Rocky Mtn."
"132",NA,NA,39.4748,-117.0022,NA,NA,NA,NA,NA,NA,NA,NA,"Tetraploid",NA,NA,NA,"Lcin_NV.07",3,"EF485663","EF485997","-","44","28","1",0.5643,0.0027,0.4273,0.0057,"Rocky Mtn.","Rocky Mtn."
"133","Grass Valley LECI4","LECI4-2501-2014",39.474901,-117.001841,6850,"Nevada","Lander",2014-08-05,"20 - 25 Deg. F. / 6 - 12","LECI4",0.5,90,"Octoploid",NA,"Zone 16",0.150132275132275,NA,NA,NA,NA,NA,NA,NA,NA,NA,NA,NA,NA,NA,"Zone 16"
"134",NA,NA,40.6421,-116.9343,NA,NA,NA,NA,NA,NA,NA,NA,"Octoploid",NA,NA,NA,"Lcin_NV.24",2,"-","-","Acc:637","-","56","1",0.5575,0.0055,0.2045,0.2325,"Rocky Mtn.","Rocky Mtn."
"135",NA,NA,44.0331,-116.8466,NA,NA,NA,NA,NA,NA,NA,NA,"Tetraploid",NA,NA,NA,"Lcin_ID.23",3,"EF485650","EF485984","U107-01","41","28","1",0.853,0.0667,0.0797,0.001,"Rocky Mtn.","Rocky Mtn."
"136",NA,NA,44.0331,-116.8466,NA,NA,NA,NA,NA,NA,NA,NA,"Tetraploid",NA,NA,NA,"Lcin_ID.24",2,"EF485651","EF485985","U109-01","40","28","1",0.9825,0.006,0.0105,0.001,"Rocky Mtn.","Rocky Mtn."
"137","West of Water Canyon LECI4","LECI4-1142-2014",40.614029,-116.680909,7022,"Nevada","Lander",2014-07-31,"20 - 25 Deg. F. / 6 - 12","LECI4",0.220264317180617,98,"Tetraploid",NA,"Zone 16",0.0661375661375661,NA,NA,NA,NA,NA,NA,NA,NA,NA,NA,NA,NA,NA,"Zone 16"
"138",NA,NA,40.614,-116.6809,NA,NA,NA,NA,NA,NA,NA,NA,"Tetraploid",NA,NA,NA,"Lcin_NV.18",3,"EF485674","EF486008","U90-01","41","28","1",0.9917,0.0027,0.0047,0.0013,"Rocky Mtn.","Rocky Mtn."
"139",NA,NA,40.5538,-116.6654,NA,NA,NA,NA,NA,NA,NA,NA,"Tetraploid",NA,NA,NA,"Lcin_NV.17",2,"EF485673","EF486007","U91-01","40","28","1",0.994,0.0015,0.004,0.001,"Rocky Mtn.","Rocky Mtn."
"140",NA,NA,46.5202,-116.6183,NA,NA,NA,NA,NA,NA,NA,NA,"Octoploid",NA,NA,NA,"Lcin_ID.26",3,"EF485653","EF485987","PI 619455","40","56","2",0.005,0.988,0.0043,0.003,"Columbia","Columbia"
"141",NA,NA,43.3349,-116.6069,NA,NA,NA,NA,NA,NA,NA,NA,"Octoploid",NA,NA,NA,"Lcin_ID.13",3,"EF485640","EF485974","T-1646","11","56","1",0.756,0.006,0.238,5e-04,"Rocky Mtn.","Rocky Mtn."
"142",NA,NA,41.4025,-116.6053,NA,NA,NA,NA,NA,NA,NA,NA,"Tetraploid",NA,NA,NA,"Lcin_NV.48",3,"EF485701","EF486035","BK-25","41","28","1",0.8413,0.0143,0.1433,0.001,"Rocky Mtn.","Rocky Mtn."
"143",NA,NA,39.9561,-116.6052,NA,NA,NA,NA,NA,NA,NA,NA,"Octoploid",NA,NA,NA,"Lcin_NV.13",2,"EF485669","EF486003","U97-01","12","56","3",0.008,0.005,0.986,0.001,"Great Basin","Great Basin"
"144","Gund Ranch LECI4","LECI4-1076-2001",39.956133,-116.605184,5650,"Nevada","Lander",2001-09-21,"10 - 15 Deg. F. / 6 - 12","LECI4",2,NA,"Octoploid",NA,"Zone 8",0.222222222222222,NA,NA,NA,NA,NA,NA,NA,NA,NA,NA,NA,NA,NA,"Zone 8"
"145",NA,NA,39.9488,-116.5475,NA,NA,NA,NA,NA,NA,NA,NA,"Tetraploid",NA,NA,NA,"Lcin_NV.11",2,"EF485667","EF486001","U113-02","41","28","1",0.944,0.015,0.0405,0.001,"Rocky Mtn.","Rocky Mtn."
"146","Bauman Ranch LECI4","LECI4-1058-2003",39.940331,-116.526372,6000,"Nevada","Eureka",2003-07-24,"15 - 20 Deg. F. / 6 - 12","LECI4",2,NA,"Octoploid",NA,"Zone 12",0.1743679163034,NA,NA,NA,NA,NA,NA,NA,NA,NA,NA,NA,NA,NA,"Zone 12"
"147",NA,NA,41.5205,-116.5001,NA,NA,NA,NA,NA,NA,NA,NA,"Tetraploid",NA,NA,NA,"Lcin_NV.53",2,"-","-","U94-01","36","28","1",0.964,0.011,0.024,0.001,"Rocky Mtn.","Rocky Mtn."
"148",NA,NA,44.8351,-116.4219,NA,NA,NA,NA,NA,NA,NA,NA,"Octoploid",NA,NA,NA,"Lcin_ID.25",3,"EF485652","EF485986","T-1648","40","56","1",0.789,0.069,0.136,0.006,"Rocky Mtn.","Rocky Mtn."
"149",NA,NA,43.2557,-116.3937,NA,NA,NA,NA,NA,NA,NA,NA,"Tetraploid",NA,NA,NA,"Lcin_ID.09",2,"EF485636","EF485970","U110-01","41","28","1",0.967,0.023,0.0045,0.006,"Rocky Mtn.","Rocky Mtn."
"150",NA,NA,43.9667,-116.3167,NA,NA,NA,NA,NA,NA,NA,NA,"Tetraploid",NA,NA,NA,"Lcin_ID.22",3,"EF485649","EF485983","PI 537353","40","28","1",0.9567,0.0223,0.0207,0.001,"Rocky Mtn.","Rocky Mtn."
"151",NA,NA,40.6381,-116.2436,NA,NA,NA,NA,NA,NA,NA,NA,"Tetraploid",NA,NA,NA,"Lcin_NV.20",2,"EF485676, 77","EF486010, 11","BK-45","36,41","28","1",0.969,0.004,0.0265,0.001,"Rocky Mtn.","Rocky Mtn."
"152",NA,NA,41.2833,-116.1833,NA,NA,NA,NA,NA,NA,NA,NA,"Octoploid",NA,NA,NA,"Lcin_NV.41",3,"EF485695","EF486029","T-37","14","56","3",0.012,0.005,0.982,0.001,"Great Basin","Great Basin"
"153",NA,NA,39.95,-116.1667,NA,NA,NA,NA,NA,NA,NA,NA,"Octoploid",NA,NA,NA,"Lcin_NV.12",2,"EF485668","EF486002","PI 537355","41","56","3",0.0035,0.015,0.979,0.0025,"Great Basin","Great Basin"
"154","Crescent Valley LECI4","LECI4-2499-2014",40.562444,-116.138692,4980,"Nevada","Eureka",2014-07-31,"10 - 15 Deg. F. / 6 - 12","LECI4",0.5,88,"Octoploid",NA,"Zone 8",0.0555555555555556,NA,NA,NA,NA,NA,NA,NA,NA,NA,NA,NA,NA,NA,"Zone 8"
"155","Upper Queen LECI4","LECI4-1131-2002",40.921623,-116.138329,5990,"Nevada","Elko",2002-07-23,"15 - 20 Deg. F. / 6 - 12","LECI4",2,75,NA,"not tested","Zone 12",0.1743679163034,NA,NA,NA,NA,NA,NA,NA,NA,NA,NA,NA,NA,NA,"Zone 12"
"156",NA,NA,41.2,-115.9833,NA,NA,NA,NA,NA,NA,NA,NA,"Tetraploid",NA,NA,NA,"Lcin_NV.40",2,"EF485694","EF486028","PI 552795","41","28","1",0.986,0.008,0.0045,0.001,"Rocky Mtn.","Rocky Mtn."
"157","Windfall Canyon LECI4","LECI4-2426-2013",39.457135,-115.967539,7404,"Nevada","Eureka",2013-08-16,"15 - 20 Deg. F. / 3 - 6","LECI4",0.25,94,"Tetraploid",NA,"Zone 11",0.125,NA,NA,NA,NA,NA,NA,NA,NA,NA,NA,NA,NA,NA,"Zone 11"
"158",NA,NA,39.5105,-115.9598,NA,NA,NA,NA,NA,NA,NA,NA,"Tetraploid",NA,NA,NA,"Lcin_NV.08",2,"EF485664","EF485998","B19-01","40","28","1",0.9345,0.0295,0.0235,0.0125,"Rocky Mtn.","Rocky Mtn."
"159","Eureka LECI4","LECI4-1070-2001",39.510523,-115.959798,6481,"Nevada","Eureka",2001-08-03,"15 - 20 Deg. F. / 6 - 12","LECI4",2.1,NA,"Tetraploid",NA,"Zone 12",0.18308631211857,NA,NA,NA,NA,NA,NA,NA,NA,NA,NA,NA,NA,NA,"Zone 12"
"160",NA,NA,39.4667,-115.95,NA,NA,NA,NA,NA,NA,NA,NA,"Tetraploid",NA,NA,NA,"Lcin_NV.04",1,"EF485661","EF485995","PI 552796","41","28","1",0.974,0.005,0.021,0.001,"Rocky Mtn.","Rocky Mtn."
"161","Elko LECI4","LECI4-1068-2001",40.866941,-115.869128,6000,"Nevada","Elko",2001-07-19,"15 - 20 Deg. F. / 6 - 12","LECI4",1.87,NA,"Octoploid","Both","Zone 12",0.163034001743679,NA,NA,NA,NA,NA,NA,NA,NA,NA,NA,NA,NA,NA,"Zone 12"
"162",NA,NA,43.3922,-115.8565,NA,NA,NA,NA,NA,NA,NA,NA,"Octoploid",NA,NA,NA,"Lcin_ID.16",3,"EF485643","EF485977","T-1212","40","56","1",0.701,0.1387,0.1593,0.001,"Rocky Mtn.","Rocky Mtn."
"163",NA,NA,41.5381,-115.8064,NA,NA,NA,NA,NA,NA,NA,NA,"Tetraploid",NA,NA,NA,"Lcin_NV.55",2,"EF485706","EF486040","U115-02","40","28","1",0.9555,0.0035,0.04,0.001,"Rocky Mtn.","Rocky Mtn."
"164",NA,NA,43.55,-115.8,NA,NA,NA,NA,NA,NA,NA,NA,"Tetraploid",NA,NA,NA,"Lcin_ID.18",2,"EF485645","EF485979","PI 618759","40","28","1",0.9915,0.0045,0.003,0.001,"Rocky Mtn.","Rocky Mtn."
"165","West Elko LECI4","LECI4-1141-2014",40.819756,-115.798795,5089,"Nevada","Elko",2014-07-31,"10 - 15 Deg. F. / 6 - 12","LECI4",0.5,93,"Octoploid",NA,"Zone 8",0.0555555555555556,NA,NA,NA,NA,NA,NA,NA,NA,NA,NA,NA,NA,NA,"Zone 8"
"166",NA,NA,42.9417,-115.7501,NA,NA,NA,NA,NA,NA,NA,NA,"Tetraploid",NA,NA,NA,"Lcin_ID.03",3,"EF485630","EF485964","T-1645","44","28","1",0.9767,0.002,0.021,0.001,"Rocky Mtn.","Rocky Mtn."
"167","Ruby Mtns Creek LECI4","LECI4-1118-2003",40.297709,-115.554313,6744,"Nevada","Elko",2003-07-11,"15 - 20 Deg. F. / 3 - 6","LECI4",0.5,NA,NA,"not tested","Zone 11",0.25,NA,NA,NA,NA,NA,NA,NA,NA,NA,NA,NA,NA,NA,"Zone 11"
"168",NA,NA,41.5167,-115.4167,NA,NA,NA,NA,NA,NA,NA,NA,"Octoploid",NA,NA,NA,"Lcin_NV.52",2,"EF485704","EF486038","Acc:333","15","56","3",0.0025,0.002,0.989,0.006,"Great Basin","Great Basin"
"169","Secret Creek LECI4","LECI4-2495-2014",40.871755,-115.323807,5540,"Nevada","Elko",2014-07-31,"10 - 15 Deg. F. / 6 - 12","LECI4",0.5,94,"Tetraploid","ND","Zone 8",0.0555555555555556,NA,NA,NA,NA,NA,NA,NA,NA,NA,NA,NA,NA,NA,"Zone 8"
"170",NA,NA,40.9,-115.2833,NA,NA,NA,NA,NA,NA,NA,NA,"Octoploid",NA,NA,NA,"Lcin_NV.27",3,"EF485683","EF486017","PI 537356","44","56","3",0.0073,0.0047,0.9867,0.001,"Great Basin","Great Basin"
"171",NA,NA,41.0667,-115.2833,NA,NA,NA,NA,NA,NA,NA,NA,"Octoploid",NA,NA,NA,"Lcin_NV.34",3,"EF485689","EF486023","T-30","41","56","3",0.0033,0.0113,0.983,0.002,"Great Basin","Great Basin"
"172","Melendez Ranch LECI4","LECI4-1094-2003",38.925165,-115.173027,6053,"Nevada","White Pine",2003-07-23,"10 - 15 Deg. F. / 6 - 12","LECI4",2,64,"Octoploid",NA,"Zone 8",0.222222222222222,NA,NA,NA,NA,NA,NA,NA,NA,NA,NA,NA,NA,NA,"Zone 8"
"173","Angel Creek LECI4","LECI4-2442-2014",41.053488,-115.023031,6764,"Nevada","Elko",2014-07-31,"15 - 20 Deg. F. / 3 - 6","LECI4",0.5,91,"Tetraploid",NA,"Zone 11",0.25,NA,NA,NA,NA,NA,NA,NA,NA,NA,NA,NA,NA,NA,"Zone 11"
"174",NA,NA,41.1116,-114.9645,NA,NA,NA,NA,NA,NA,NA,NA,"Octoploid",NA,NA,NA,"Lcin_NV.37",3,"-","-","Acc:393","-","56","3",0.0033,0.0013,0.9907,0.0047,"Great Basin","Great Basin"
"175","Ely LECI4","LECI4-1081-2003",39.261827,-114.936829,6622,"Nevada","White Pine",2003-07-23,"10 - 15 Deg. F. / 6 - 12","LECI4",1,NA,"Octoploid",NA,"Zone 8",0.111111111111111,NA,NA,NA,NA,NA,NA,NA,NA,NA,NA,NA,NA,NA,"Zone 8"
"176",NA,NA,39.2618,-114.9368,NA,NA,NA,NA,NA,NA,NA,NA,"Octoploid",NA,NA,NA,"Lcin_NV.01",2,"EF485659","EF485993","Ely","41","56","3",0.041,0.1425,0.8155,0.001,"Great Basin","Great Basin"
"177",NA,NA,41.3156,-114.9061,NA,NA,NA,NA,NA,NA,NA,NA,"Tetraploid",NA,NA,NA,"Lcin_NV.44",2,"EF485697","EF486031","BK-3","41","28","1",0.9775,0.0035,0.014,0.0055,"Rocky Mtn.","Rocky Mtn."
"178",NA,NA,43.3167,-114.8667,NA,NA,NA,NA,NA,NA,NA,NA,"Octoploid",NA,NA,NA,"Lcin_ID.11",2,"EF485638","EF485972","PI 537350","41","56","1",0.791,0.0305,0.176,0.0025,"Rocky Mtn.","Rocky Mtn."
"179","Wilkins LECI4","LECI4-2440-2014",41.365562,-114.798303,5985,"Nevada","Elko",2014-07-29,"10 - 15 Deg. F. / 6 - 12","LECI4",0.5,86,"Tetraploid",NA,"Zone 8",0.0555555555555556,NA,NA,NA,NA,NA,NA,NA,NA,NA,NA,NA,NA,NA,"Zone 8"
"180","Grasshopper Spring LECI4","LECI4-2416-2014",39.216628,-114.68514,7768,"Nevada","White Pine",2014-08-05,"15 - 20 Deg. F. / 3 - 6","LECI4",0.25,88,"Tetraploid",NA,"Zone 11",0.125,NA,NA,NA,NA,NA,NA,NA,NA,NA,NA,NA,NA,NA,"Zone 11"
"181",NA,NA,40.7315,-114.5725,NA,NA,NA,NA,NA,NA,NA,NA,"Tetraploid",NA,NA,NA,"Lcin_NV.22",2,"EF485680","EF486014","U81-02","30","28","1",0.9815,0.0155,0.002,0.001,"Rocky Mtn.","Rocky Mtn."
"182",NA,NA,41.489,-114.5623,NA,NA,NA,NA,NA,NA,NA,NA,"Tetraploid",NA,NA,NA,"Lcin_NV.50",3,"EF485702","EF486036","U87-02","41","28","3",0.0087,0.0077,0.9823,0.0017,"Great Basin","Great Basin"
"183",NA,NA,43.3268,-114.404,NA,NA,NA,NA,NA,NA,NA,NA,"Tetraploid",NA,NA,NA,"Lcin_ID.12",2,"EF485639","EF485973","U103-01","41","28","1",0.9875,0.005,0.004,0.0035,"Rocky Mtn.","Rocky Mtn."
"184",NA,NA,43.3167,-114.3833,NA,NA,NA,NA,NA,NA,NA,NA,"Octoploid",NA,NA,NA,"Lcin_ID.10",3,"EF485637","EF485971","PI 564553","40","56","1",0.9883,0.0057,0.0057,0.001,"Rocky Mtn.","Rocky Mtn."
"185",NA,NA,41.0564,-114.3289,NA,NA,NA,NA,NA,NA,NA,NA,"Tetraploid",NA,NA,NA,"Lcin_NV.33",3,"EF485688","EF486022","U92-02","13","28","1",0.9783,0.004,0.016,0.0017,"Rocky Mtn.","Rocky Mtn."
"186","Toano LECI4","LECI4-1129-2002",41.056319,-114.328893,6250,"Nevada","Elko",2002-07-24,"10 - 15 Deg. F. / 6 - 12","LECI4",1,NA,"Tetraploid",NA,"Zone 8",0.111111111111111,NA,NA,NA,NA,NA,NA,NA,NA,NA,NA,NA,NA,NA,"Zone 8"
"187",NA,NA,49.8572,-114.2347,NA,NA,NA,NA,NA,NA,NA,NA,"Octoploid",NA,NA,NA,"Lcin_AB.11",2,"EF485594","EF485928","Bob Creek","30","56","1",0.995,0.002,0.002,0.0015,"Rocky Mtn.","Rocky Mtn."
"188",NA,NA,41.3,-114.1667,NA,NA,NA,NA,NA,NA,NA,NA,"Tetraploid",NA,NA,NA,"Lcin_NV.42",3,"-","-","T-25","-","28","3",0.008,0.0123,0.979,7e-04,"Great Basin","Great Basin"
"189",NA,NA,43.0167,-114.1333,NA,NA,NA,NA,NA,NA,NA,NA,"Tetraploid",NA,NA,NA,"Lcin_ID.04",3,"EF485631","EF485965","Acc:384","44","28","1",0.9197,0.01,0.0693,7e-04,"Rocky Mtn.","Rocky Mtn."
"190",NA,NA,41.3088,-114.1173,NA,NA,NA,NA,NA,NA,NA,NA,"Tetraploid",NA,NA,NA,"Lcin_NV.43",3,"EF485696","EF486030","U84-02","41","28","3",0.061,0.0033,0.9353,0.001,"Great Basin","Great Basin"
"191",NA,NA,43.0467,-114.0338,NA,NA,NA,NA,NA,NA,NA,NA,"Tetraploid",NA,NA,NA,"Lcin_ID.05",2,"EF485632","EF485966","U104-01","40","28","1",0.996,0.001,0.002,0.001,"Rocky Mtn.","Rocky Mtn."
"192",NA,NA,49.0169,-114,NA,NA,NA,NA,NA,NA,NA,NA,"Tetraploid",NA,NA,NA,"Lcin_AB.32",2,"EF485615","EF485949",NA,"41","28","1",0.9935,0.0025,0.0015,0.0025,"Rocky Mtn.","Rocky Mtn."
"193",NA,NA,41.3983,-113.8593,NA,NA,NA,NA,NA,NA,NA,NA,"Octoploid",NA,NA,NA,"Lcin_UT.15",3,"EF485787","EF486121","U66-02","41","56","3",0.19,0.0023,0.8067,0.001,"Great Basin","Great Basin"
"194",NA,NA,49.72,-113.4425,NA,NA,NA,NA,NA,NA,NA,NA,"Tetraploid",NA,NA,NA,"Lcin_AB.10",2,"EF485593","EF485927","Ft.McLeod","40","28","1",0.9775,0.017,0.0045,0.001,"Rocky Mtn.","Rocky Mtn."
"195",NA,NA,43.6057,-113.3255,NA,NA,NA,NA,NA,NA,NA,NA,"Tetraploid",NA,NA,NA,"Lcin_ID.19",3,"EF485646","EF485980","U99-01","41","28","1",0.996,0.002,0.0017,0.001,"Rocky Mtn.","Rocky Mtn."
"196",NA,NA,50.1833,-113,NA,NA,NA,NA,NA,NA,NA,NA,"Tetraploid",NA,NA,NA,"Lcin_AB.15",2,"EF485598","EF485932","Stavely","30","28","1",0.9815,0.0115,0.0055,0.0015,"Rocky Mtn.","Rocky Mtn."
"197",NA,NA,46.1667,-113,NA,NA,NA,NA,NA,NA,NA,NA,"Tetraploid",NA,NA,NA,"Lcin_MT.06",3,"-","-","Acc:352","-","28","1",0.991,0.003,0.005,0.001,"Rocky Mtn.","Rocky Mtn."
"198",NA,NA,46.1008,-112.9336,NA,NA,NA,NA,NA,NA,NA,NA,"Tetraploid",NA,NA,NA,"Lcin_MT.04",2,"-","-","PI 9081627","-","28","1",0.988,0.0075,0.003,0.0015,"Rocky Mtn.","Rocky Mtn."
"199",NA,NA,40.1873,-112.8091,NA,NA,NA,NA,NA,NA,NA,NA,"Tetraploid",NA,NA,NA,"Lcin_UT.12",2,"EF485784","EF486118","U74-01","41","28","1",0.99,0.004,0.0055,0.001,"Rocky Mtn.","Rocky Mtn."
"200",NA,NA,49.7,-112.8,NA,NA,NA,NA,NA,NA,NA,NA,"Tetraploid",NA,NA,NA,"Lcin_Acc636",2,NA,NA,"Acc:636",NA,"28","1",0.9821,0.002,0.003,1e-04,"Rocky Mtn.","Rocky Mtn."
"201",NA,NA,43.4007,-112.71,NA,NA,NA,NA,NA,NA,NA,NA,"Tetraploid",NA,NA,NA,"Lcin_ID.17",2,"EF485644","EF485978","U101-01","40","28","1",0.9955,0.001,0.0025,0.001,"Rocky Mtn.","Rocky Mtn."
"202",NA,NA,43.6667,-112.7,NA,NA,NA,NA,NA,NA,NA,NA,"Tetraploid",NA,NA,NA,"Lcin_ID.21",3,"EF485648","EF485982","Acc:71","40","28","1",0.987,0.008,0.004,0.0013,"Rocky Mtn.","Rocky Mtn."
"203",NA,NA,41.9662,-112.4241,NA,NA,NA,NA,NA,NA,NA,NA,"Tetraploid",NA,NA,NA,"Lcin_UT.21",2,"-","-","U71-02N","-","28","1",0.9885,0.0045,0.006,0.001,"Rocky Mtn.","Rocky Mtn."
"204",NA,NA,41.9662,-112.4241,NA,NA,NA,NA,NA,NA,NA,NA,"Tetraploid",NA,NA,NA,"Lcin_UT.22",3,"EF485792","EF486126","U71-02w","40","28","1",0.9493,0.0067,0.0427,0.0017,"Rocky Mtn.","Rocky Mtn."
"205","Pocatello Valley LECI4","LECI4-1111-2001",41.966159,-112.42406,5300,"Utah","Box Elder",2001-07-22,"15 - 20 Deg. F. / 3 - 6","LECI4",0.5,NA,"Tetraploid",NA,"Zone 11",0.25,NA,NA,NA,NA,NA,NA,NA,NA,NA,NA,NA,NA,NA,"Zone 11"
"206",NA,NA,41.75,-112.3333,NA,NA,NA,NA,NA,NA,NA,NA,"Tetraploid",NA,NA,NA,"Lcin_UT.16",2,"EF485788","EF486122","PI 618755","41","28","1",0.977,0.013,0.009,0.001,"Rocky Mtn.","Rocky Mtn."
"207",NA,NA,41.75,-112.3333,NA,NA,NA,NA,NA,NA,NA,NA,"Octoploid",NA,NA,NA,"Lcin_NV.58",2,"EF485709","EF486043","Acc:381","41","56","3",0.0045,0.0035,0.9905,0.0015,"Great Basin","Great Basin"
"208",NA,NA,39.7997,-112.2651,NA,NA,NA,NA,NA,NA,NA,NA,"Tetraploid",NA,NA,NA,"Lcin_UT.10",3,"EF485782","EF486116","U72-01","41","28","1",0.9763,0.0023,0.0203,7e-04,"Rocky Mtn.","Rocky Mtn."
"209",NA,NA,37.95,-112.0872,NA,NA,NA,NA,NA,NA,NA,NA,"Tetraploid",NA,NA,NA,"Lcin_UT.01",2,"EF485774","EF486108","U80-01","40","28","1",0.993,0.0035,0.003,0.001,"Rocky Mtn.","Rocky Mtn."
"210",NA,NA,49.0833,-112.0833,NA,NA,NA,NA,NA,NA,NA,NA,"Tetraploid",NA,NA,NA,"Lcin_AB.31",3,"EF485614","EF485948","Maycrofft","41","28","1",0.995,0.0015,0.0025,0.001,"Rocky Mtn.","Rocky Mtn."
"211",NA,NA,49.7055,-112.0833,NA,NA,NA,NA,NA,NA,NA,NA,"Tetraploid",NA,NA,NA,"Lcin_AB.33",2,"EF485616","EF485950","Oldman Dam","40","28","1",0.9645,0.012,0.0205,0.003,"Rocky Mtn.","Rocky Mtn."
"212",NA,NA,41.8333,-111.8333,NA,NA,NA,NA,NA,NA,NA,NA,"Tetraploid",NA,NA,NA,"Lcin_UT.17",2,"EF485789","EF486123","Acc:374","41","28","1",0.9955,0.002,0.0025,0.001,"Rocky Mtn.","Rocky Mtn."
"213",NA,NA,41.8333,-111.8333,NA,NA,NA,NA,NA,NA,NA,NA,"Tetraploid",NA,NA,NA,"Lcin_UT.18",2,"EF485790","EF486124","PI 564557","41","28","1",0.9905,0.0025,0.0025,0.004,"Rocky Mtn.","Rocky Mtn."
"214",NA,NA,41.8333,-111.8333,NA,NA,NA,NA,NA,NA,NA,NA,"Tetraploid",NA,NA,NA,"Lcin_UT.19",2,"EF485791","EF486125","Acc:376","41","28","1",0.9945,0.0025,0.0025,0.001,"Rocky Mtn.","Rocky Mtn."
"215",NA,NA,42.7146,-111.5608,NA,NA,NA,NA,NA,NA,NA,NA,"Tetraploid",NA,NA,NA,"Lcin_ID.01",3,"EF485629","EF485963",NA,"40","28","1",0.9853,0.0087,0.0047,0.001,"Rocky Mtn.","Rocky Mtn."
"216",NA,NA,42.8669,-111.4525,NA,NA,NA,NA,NA,NA,NA,NA,"Tetraploid",NA,NA,NA,"Lcin_ID.02",2,"-","-","PI 618758","-","28","1",0.9925,0.004,0.0035,0.001,"Rocky Mtn.","Rocky Mtn."
"217",NA,NA,41.0457,-111.3117,NA,NA,NA,NA,NA,NA,NA,NA,"Tetraploid",NA,NA,NA,"Lcin_UT.14",2,"EF485786","EF486120","U69-02","40","28","1",0.981,0.01,0.0075,0.001,"Rocky Mtn.","Rocky Mtn."
"218",NA,NA,41.9966,-111.2617,NA,NA,NA,NA,NA,NA,NA,NA,"Tetraploid",NA,NA,NA,"Lcin_UT.23",2,"EF485793","EF486127","U77-01","40","28","1",0.986,0.005,0.006,0.003,"Rocky Mtn.","Rocky Mtn."
"219",NA,NA,49,-111,NA,NA,NA,NA,NA,NA,NA,NA,"Tetraploid",NA,NA,NA,"Lcin_AB.04",3,"EF485587","EF485921","Writing Stone","40","28","1",0.9757,0.008,0.012,0.0043,"Rocky Mtn.","Rocky Mtn."
"220",NA,NA,39.6167,-110.8667,NA,NA,NA,NA,NA,NA,NA,NA,"Tetraploid",NA,NA,NA,"Lcin_UT.09",4,"EF485781","EF486115","Acc:371","41","28","1",0.9575,0.026,0.0145,0.002,"Rocky Mtn.","Rocky Mtn."
"221",NA,NA,39.9848,-110.6069,NA,NA,NA,NA,NA,NA,NA,NA,"Tetraploid",NA,NA,NA,"Lcin_UT.11",2,"EF485783","EF486117","U68-01","41","28","1",0.959,0.032,0.004,0.005,"Rocky Mtn.","Rocky Mtn."
"222",NA,NA,41.8189,-110.5314,NA,NA,NA,NA,NA,NA,NA,NA,"Tetraploid",NA,NA,NA,"Lcin_WY.02",2,"EF485841","EF486175","PI 618756","41","28","1",0.9945,0.0025,0.0025,0.001,"Rocky Mtn.","Rocky Mtn."
"223",NA,NA,41.8667,-110.4833,NA,NA,NA,NA,NA,NA,NA,NA,"Tetraploid",NA,NA,NA,"Lcin_WY.03",2,"EF485842","EF486176","PI 563864","41","28","1",0.9875,0.002,0.01,0,"Rocky Mtn.","Rocky Mtn."
"224",NA,NA,41.0207,-110.0289,NA,NA,NA,NA,NA,NA,NA,NA,"Tetraploid",NA,NA,NA,"Lcin_WY.01",3,"EF485840","EF486174","PI 9076036","40","28","1",0.9887,0.0027,0.0083,0.001,"Rocky Mtn.","Rocky Mtn."
"225",NA,NA,39.382,-109.3896,NA,NA,NA,NA,NA,NA,NA,NA,"Tetraploid",NA,NA,NA,"Lcin_UT.06",2,"EF485778","EF486112","U73-01","41","28","1",0.9915,0.001,0.0065,0.001,"Rocky Mtn.","Rocky Mtn."
"226",NA,NA,40.4926,-109.3853,NA,NA,NA,NA,NA,NA,NA,NA,"Tetraploid",NA,NA,NA,"Lcin_UT.13",2,"EF485785","EF486119","U28-02","41","28","1",0.9945,0.003,0.0025,5e-04,"Rocky Mtn.","Rocky Mtn."
"227",NA,NA,39.4773,-109.2365,NA,NA,NA,NA,NA,NA,NA,NA,"Tetraploid",NA,NA,NA,"Lcin_UT.07",2,"EF485779","EF486113","U75-01","41","28","1",0.9845,0.002,0.013,0.001,"Rocky Mtn.","Rocky Mtn."
"228",NA,NA,39.5127,-109.0932,NA,NA,NA,NA,NA,NA,NA,NA,"Tetraploid",NA,NA,NA,"Lcin_UT.08",2,"EF485780","EF486114","U76-01","40","28","1",0.9915,0.005,0.0025,0.001,"Rocky Mtn.","Rocky Mtn."
"229",NA,NA,49.0208,-109.0225,NA,NA,NA,NA,NA,NA,NA,NA,"Tetraploid",NA,NA,NA,"Lcin_SA.01",3,"EF485584","EF485918","W6 14644","40","28","1",0.9937,0.0023,0.0037,7e-04,"Rocky Mtn.","Rocky Mtn."
"230",NA,NA,45.2391,-108.6282,NA,NA,NA,NA,NA,NA,NA,NA,"Tetraploid",NA,NA,NA,"Lcin_MT.01",2,"EF485655","EF485989","PI 9063352","40","28","1",0.991,0.003,0.0045,0.001,"Rocky Mtn.","Rocky Mtn."
"231",NA,NA,39.6838,-107.9183,NA,NA,NA,NA,NA,NA,NA,NA,"Tetraploid",NA,NA,NA,"Lcin_CO.02",2,"EF485628","EF485962","PI 619451","39","28","1",0.974,0.0175,0.0075,0.001,"Rocky Mtn.","Rocky Mtn."
"232",NA,NA,45.4,-107,NA,NA,NA,NA,NA,NA,NA,NA,"Octoploid",NA,NA,NA,"Lcin_MT.03",2,"EF485656","EF485990","W6 14645","40","56","2",0.008,0.567,0.4245,0.001,"Columbia","Columbia"
"233",NA,NA,38.4357,-106.7575,NA,NA,NA,NA,NA,NA,NA,NA,"Tetraploid",NA,NA,NA,"Lcin_CO.01",2,"EF485627","EF485961","PI 619450","41","28","1",0.9645,0.03,0.0045,0.001,"Rocky Mtn.","Rocky Mtn."
