"plt","lets","1","2","3","4","5","6","7","8","9","10","11","12"
"1","A","KL_SW_1","KL_SW_2","KL_SW_3","KL_SW_4","KL_SW_5","KL_SW_6","KL_SW_7","KL_SW_8","KL_SW_9","KL_SW_10","KL_SW_11","KL_SW_12"
"1","B","KL_SW_13","KL_SW_14","KL_SW_15","KL_SW_16","KL_SW_17","KL_SW_18","KL_SW_19","KL_SW_20","KL_AS_21","KL_AS_22","KL_AS_23","KL_AS_24"
"1","C","KL_AS_25","KL_AS_26","KL_AS_27","KL_AS_28","KL_AS_29","KL_AS_30","KL_AS_31","KL_AS_32","KL_AS_33","KL_AS_34","KL_AS_35","KL_AS_36"
"1","D","KL_AS_37","KL_AS_38","KL_AS_39","KL_AS_40","KL_KP_41","KL_KP_42","KL_KP_43","KL_KP_44","KL_KP_45","KL_KP_46","KL_KP_47","KL_KP_48"
"1","E","KL_KP_49","KL_KP_50","KL_KP_51","KL_KP_52","KL_KP_53","KL_KP_54","KL_KP_55","KL_KP_56","KL_KP_57","KL_KP_58","KL_KP_59",NA
"1","F","KL_EM_60","KL_EM_61","KL_EM_62","KL_EM_63","KL_EM_64","KL_EM_65","KL_EM_66","KL_EM_67","KL_EM_68","KL_EM_69","KL_EM_70",NA
"1","G","KL_EM_71","KL_EM_72","KL_EM_73","KL_EM_74","KL_EM_75","KL_EM_76","KL_EM_77","KL_EM_78","KL_SL_79","KL_SL_80","KL_SL_81",NA
"1","H","KL_SL_82","KL_SL_83","KL_SL_84","KL_SL_85","KL_SL_86","KL_SL_87","KL_SL_88","KL_SL_89","KL_SL_90","KL_SL_91","KL_SL_92",NA
"2","A","KL_SL_93","KL_SL_94","KL_SL_95","KL_SL_96","KL_LS_97","KL_LS_98","KL_LS_99","KL_LS_100","KL_LS_101","KL_LS_102","KL_LS_103","KL_LS_104"
"2","B","KL_LS_105","KL_LS_106","KL_LS_107","KL_LS_108","KL_LS_109","KL_LS_110","KL_LS_111","KL_LS_112","KL_LS_113","KL_LS_114","KL_LS_115","KL_LS_116"
"2","C","KL_EE_117","KL_EE_118","KL_EE_119","KL_EE_120","KL_EE_121","KL_EE_122","KL_EE_123","KL_EE_124","KL_EE_125","KL_EE_126","KL_EE_127","KL_EE_128"
"2","D","KL_EE_129","KL_EE_130","KL_EE_131","KL_EE_132","KL_EE_133","KL_EE_134","KL_EE_135","KL_EE_136","KL_WB_137","KL_WB_138","KL_WB_139","KL_WB_140"
"2","E","KL_WB_141","KL_WB_142","KL_WB_143","KL_WB_144","KL_WB_145","KL_WB_146","KL_WB_147","KL_WB_148","KL_WB_149","KL_WB_150","KL_WB_151",NA
"2","F","KL_WB_152","KL_WB_153","KL_WB_154","KL_WB_155","KL_CP_156","KL_CP_157","KL_CP_158","KL_CP_159","KL_CP_160","KL_CP_161","KL_CP_162",NA
"2","G","KL_CP_163","KL_CP_164","KL_CP_165","KL_CP_166","KL_CP_167","KL_CP_168","KL_CP_169","KL_CP_170","KL_CP_171","KL_CP_172","KL_CP_173",NA
"2","H","KL_KP_174","KL_EM_175","KL_SL_176","KL_SL_177","KL_WB_178","KL_CP_179","KL_CP_180","KL_WC_181","KL_WC_182","KL_WC_183","KL_WC_184",NA
"3","A","KL_JW_185","KL_JW_186","KL_JW_187","KL_JW_188","KL_JW_189","KL_JW_190","KL_JW_191","KL_JW_192","KL_JW_193","KL_JW_194","KL_JW_195","KL_JW_196"
"3","B","KL_SF_197","KL_SF_198","KL_SF_199","KL_SF_200","KL_SF_201","KL_SF_202","KL_SF_203","KL_SF_204","KL_SF_205","KL_SF_206","KL_SF_207","KL_SF_208"
"3","C","KL_SF_209","KL_SF_210","KL_SF_211","KL_SF_212","KL_SF_213","KL_SF_214","KL_SF_215","KL_SF_216","KL_SP_217","KL_SP_218","KL_SP_219","KL_SP_220"
"3","D","KL_SP_221","KL_SP_222","KL_SP_223","KL_SP_224","KL_SP_225","KL_SP_226","KL_SP_227","KL_SP_228","KL_SP_229","KL_SP_230","KL_SP_231","KL_SP_232"
"3","E","KL_SP_233","KL_SP_234","KL_SP_235","KL_SP_236","KL_YE_237","KL_YE_238","KL_YE_239","KL_YE_240","KL_YE_241","KL_YE_242","KL_YE_243",NA
"3","F","KL_YE_244","KL_YE_245","KL_YE_246","KL_YE_247","KL_YE_248","KL_YE_249","KL_YE_250","KL_YE_251","KL_YE_252","KL_YE_253","KL_YE_254",NA
"3","G","KL_YE_255","KL_YE_256","KL_DY_257","KL_DY_258","KL_DY_259","KL_DY_260","KL_DY_261","KL_DY_262","KL_DY_263","KL_DY_264","KL_DY_265",NA
"3","H","KL_DY_266","KL_DY_267","KL_DY_268","KL_DY_269","KL_DY_270","KL_DY_271","KL_DY_272","KL_DY_273","KL_DY_274","KL_DY_275","KL_DY_276",NA
"4","A","KL_WC_277","KL_WC_278","KL_WC_279","KL_WC_280","KL_WC_281","KL_WC_282","KL_WC_283","KL_WC_284","KL_WC_285","KL_WC_286","KL_WC_287","KL_WC_288"
"4","B","KL_WC_289","KL_WC_290","KL_WC_291","KL_WC_292","KL_BA_293","KL_BA_294","KL_BA_295","KL_BA_296","KL_BA_297","KL_BA_298","KL_BA_299","KL_BA_300"
"4","C","KL_BA_301","KL_BA_302","KL_BA_303","KL_BA_304","KL_BA_305","KL_BA_306","KL_BA_307","KL_BA_308","KL_BA_309","KL_BA_310","KL_BA_311","KL_BA_312"
"4","D","KL_CL_313","KL_CL_314","KL_CL_315","KL_CL_316","KL_CL_317","KL_CL_318","KL_CL_319","KL_CL_320","KL_CL_321","KL_CL_322","KL_CL_323","KL_CL_324"
"4","E","KL_CL_325","KL_CL_326","KL_CL_327","KL_CL_328","KL_CL_329","KL_CL_330","KL_CL_331","KL_CL_332","KL_ME_333","KL_ME_334","KL_ME_335",NA
"4","F","KL_ME_336","KL_ME_337","KL_ME_338","KL_ME_339","KL_ME_340","KL_ME_341","KL_ME_342","KL_ME_343","KL_ME_344","KL_ME_345","KL_ME_346",NA
"4","G","KL_ME_347","KL_ME_348","KL_ME_349","KL_ME_350","KL_ME_351","KL_ME_352","KL_DT_353","KL_DT_354","KL_DT_355","KL_DT_356","KL_DT_357",NA
"4","H","KL_DT_358","KL_DT_359","KL_DT_360","KL_JW_361","KL_JW_362","KL_JW_363","KL_JW_364","KL_JW_365","KL_JW_366","KL_JW_367","KL_JW_368",NA
"5","A","KL_TO_369","KL_TO_370","KL_TO_371","KL_TO_372","KL_TO_373","KL_TO_374","KL_TO_375","KL_TO_376","KL_TO_377","KL_TO_378","KL_TO_379","KL_TO_380"
"5","B","KL_TO_381","KL_TO_382","KL_TO_383","KL_TO_384","KL_TO_385","KL_TO_386","KL_TO_387","KL_GA_388","KL_GA_389","KL_GA_390","KL_GA_391","KL_GA_392"
"5","C","KL_GA_393","KL_GA_394","KL_GA_395","KL_GA_396","KL_GA_397","KL_GA_398","KL_GA_399","KL_GA_400","KL_PG_401","KL_PG_402","KL_PG_403","KL_PG_404"
"5","D","KL_PG_405","KL_PG_406","KL_PG_407","KL_PG_408","KL_PG_409","KL_PG_410","KL_PG_411","KL_PG_412","KL_PG_413","KL_PG_414","KL_PG_415","KL_PG_416"
"5","E","KL_PG_417","KL_PG_418","KL_PG_419","KL_PG_420","KL_RC_421","KL_RC_422","KL_RC_423","KL_RC_424","KL_RC_425","KL_RC_426","KL_RC_427",NA
"5","F","KL_RC_428","KL_RC_429","KL_RC_430","KL_RC_431","KL_RC_432","KL_RC_433","KL_RC_434","KL_RC_435","KL_RC_436","KL_RC_437","KL_RC_438",NA
"5","G","KL_RC_439","KL_RC_440","KL_GE_441","KL_GE_442","KL_GE_443","KL_GE_444","KL_GE_445","KL_GE_446","KL_GE_447","KL_GE_448","KL_GE_449",NA
"5","H","KL_GE_450","KL_GE_451","KL_GE_452","KL_GE_453","KL_GE_454","KL_GE_455","KL_GE_456","KL_GE_457","KL_GE_458","KL_GE_459","KL_GE_460",NA
"6","A","KL_SM_461","KL_SM_462","KL_SM_463","KL_SM_464","KL_SM_465","KL_SM_466","KL_SM_467","KL_SM_468","KL_SM_469","KL_SM_470","KL_SM_471","KL_SM_472"
"6","B","KL_SM_473","KL_SM_474","KL_SM_475","KL_SM_476","KL_SM_477","KL_SM_478","KL_SM_479","KL_SM_480","KL_VH_481","KL_VH_482","KL_VH_483","KL_VH_484"
"6","C","KL_VH_485","KL_VH_486","KL_VH_487","KL_VH_488","KL_VH_489","KL_VH_490","KL_VH_491","KL_VH_492","KL_VH_493","KL_VH_494","KL_VH_495","KL_VH_496"
"6","D","KL_VH_497",NA,NA,NA,NA,NA,NA,NA,NA,NA,NA,NA
